Workbook
Name a_metros: Configuración!$B$9
Name alfa: Configuración!$B$29
Name banda_1: Configuración!$B$40
Name banda_2: Configuración!$C$40
Name banda_3: Configuración!$D$40
Name c_luz: Configuración!$B$8
Name colas: Configuración!$B$31
Name conf_sigma: Configuración!$B$32
Name conv: Configuración!$B$10
Name corrientes: Configuración!$B$24:$B$26
Name delta_def: Configuración!$B$33
Name dias: Réplicas!$B$37
Name dur_piloto: 'Registro piloto'!$J$21
Name estab_1: Configuración!$B$41
Name estab_2: Configuración!$C$41
Name estab_3: Configuración!$D$41
Name factor_forma: Configuración!$B$13
Name horas_dia: Configuración!$B$47
Name I1_A: Configuración!$B$24
Name I2_A: Configuración!$B$25
Name I3_A: Configuración!$B$26
Name incert_1: Configuración!$B$42
Name incert_2: Configuración!$C$42
Name incert_3: Configuración!$D$42
Name min_traza_man: Configuración!$B$48
Name n_fondo: Configuración!$B$14
Name n_I1: 'Resumen piloto'!$B$22
Name n_I2: 'Resumen piloto'!$B$23
Name n_I3: 'Resumen piloto'!$B$24
Name n_zona: Configuración!$B$19
Name pasos: Configuración!$B$7
Name pfab_1: Configuración!$B$43
Name pfab_2: Configuración!$C$43
Name pfab_3: Configuración!$D$43
Name potencia: Configuración!$B$30
Name pts_min: Configuración!$B$17
Name rec_min: Configuración!$B$18
Name resol: Configuración!$B$21
Name rpd: Réplicas!$B$38
Name S_I1: 'Resumen piloto'!$D$22
Name S_I2: 'Resumen piloto'!$D$23
Name S_I3: 'Resumen piloto'!$D$24
Name semi: Configuración!$B$16
Name semilla: Configuración!$B$49
Name tau0_1: Configuración!$B$37
Name tau0_2: Configuración!$C$37
Name tau0_3: Configuración!$D$37
Name taumax_1: Configuración!$B$39
Name taumax_2: Configuración!$C$39
Name taumax_3: Configuración!$D$39
Name tol_1: Configuración!$B$38
Name tol_2: Configuración!$C$38
Name tol_3: Configuración!$D$38
Name unidad: Configuración!$B$6
Name ventana: Configuración!$B$15
Name zona_ac: Configuración!$B$20

Sheet Instrucciones
B1: Piloto del autocorrelador · cálculo del número de réplicas
B2: Trabajo práctico · Diseño de Experimentos Avanzados (3008475) · UNAL 2026-II · J. E. Rodríguez Ochoa y S. Zapata Henao · sábado 24 de octubre de 2026
B4: Antes de medir
A5: 1 | B5: Configuración: la posición va en µm y la potencia óptica en µW. Revisar que el haz recorra 2 veces el desplazamiento (retrorreflector: τ = 2Δx/c). Las corrientes ya están puestas según la hoja de pruebas de fábrica: I1 = 5 A (τ0 = 107 fs), I2 = 6 A (76 fs), I3 = 7 A (54 fs).
A6: 2 | B6: Registro piloto: el orden de las 15 trazas ya está sorteado (5 por corriente). Medir en ese orden.
B7: Durante el piloto
A8: 3 | B8: En la hoja Rk (k = número de la traza en el Registro), escribir desde la fila 2 la posición del micrómetro (columna A, en µm) y la potencia óptica (columna B, en µW), una lectura por fila, en orden de posición. Con el montaje actual son unas 20 lecturas (16–17 en la zona de solapamiento y 2 por ala); caben hasta 300. La guía de muestreo (Configuración, numeral 7) da el paso y la posición de las alas para cada corriente.
A9: 4 | B9: Mirar el Estado de la traza (celda M20) y las dos gráficas a la derecha. «OK» = la traza se procesó bien. Un «Aviso» no invalida la traza pero va al informe; un «Revisar» hay que mirarlo antes de seguir.
A10: 5 | B10: En el Registro, anotar la hora de inicio y de fin (hh:mm), la potencia media del láser en mW y, si la traza se descarta por una causa anotada, «No» y la causa.
B11: Al terminar (sábado por la noche)
A12: 6 | B12: Resumen piloto: media, S y CV de τp por corriente y las gráficas de puntos y de τp contra el orden.
A13: 7 | B13: Configuración, numeral 5: llenar los datos del fabricante que se tengan (si no hay ninguno, δ = 10 fs). Revisar también las horas útiles por día.
A14: 8 | B14: Réplicas: el n por corriente sale solo (σ = 1,56·S mayor, δ por la regla, α = 0,05, potencia 0,90). Elegir 3 o 4 días en la celda B37 y revisar si caben y el δ detectable.
A15: 9 | B15: Plan semana: orden sorteado de cada día. Copiarlo como valores a las hojas de registro de la semana.
B16: Cómo se calcula τp en cada traza
A17: · | B17: Retardo τ = (pasos × desplazamiento en metros / c) × 10¹⁵ fs; con 2 pasos, 6,67 fs por cada µm del micrómetro.
A18: · | B18: Se resta el fondo (promedio de los primeros y últimos N puntos), se normaliza al máximo y se buscan los dos cruces a 0,5 más cercanos al pico, interpolando linealmente entre puntos.
A19: · | B19: Δτ_AC = distancia entre los cruces; τp = 0,65 × Δτ_AC (factor de Calmar, sech²). Es el ancho a media altura medido directamente, sin ajuste por mínimos cuadrados. Con 20 lecturas según la guía (≈ 6 dentro del ancho) la simulación da un sesgo de +0,4 a +0,9 fs (igual para todas las trazas de una corriente), frente a una dispersión de 0,7 a 1,6 fs entre trazas.
A20: · | B20: El número de réplicas usa la aproximación normal de la t no central; se comparó con el cálculo exacto (scipy) para d entre 0,3 y 4: da el mismo n en 147 de 148 casos (el otro difiere en 1). Confirmar el resultado final en Minitab.
B21: Colores
A22: · | B22: Amarillo con letra azul = se escribe. Verde = resultado clave. Letra verde = viene de otra hoja. Gris = cálculo intermedio. La hoja Ejemplo tiene una traza manual simulada de 54 fs (7 A) para ver cómo debe quedar.

Sheet Configuración
A1: Configuración del piloto y del cálculo de réplicas
A2: Celdas amarillas con letra azul = se pueden editar. Todo lo demás es fórmula.
A4: Parámetro | B4: Valor | C4: Nota
A5: 1. Conversión del desplazamiento a retardo
A6: Unidad de la posición del micrómetro (columna A de R01–R15) | B6: µm | C6: Fija en µm (p. ej. 12483 para 12,483 mm). La potencia óptica de la columna B va en µW.
A7: Número de veces que el haz recorre el desplazamiento | B7: 2 | C7: 2 = retrorreflector en el brazo móvil (ida y vuelta): τ = 2Δx/c. Usar 4 si el brazo es de doble paso.
A8: Velocidad de la luz c (m/s) | B8: 299792458 | C8: Valor exacto (SI).
A9: Factor de la unidad a metros | B9: =IF(unidad="nm",10^-9,IF(unidad="mm",10^-3,10^-6)) -> 1e-06 | C9: Automático según la unidad.
A10: Retardo por unidad de desplazamiento (fs por unidad) | B10: =pasos*a_metros/c_luz*10^15 -> 6.6712819 | C10: Automático. Con µm y 2 pasos da 6,6713 fs por cada µm del micrómetro.
A12: 2. Lectura del ancho de pulso
A13: Factor de forma: τp = factor × ancho de la traza | B13: 0.65 | C13: 0,65 = el que usa Calmar (sech²; el valor teórico es 0,648). Gaussiano: 0,7071.
A14: Lecturas en cada ala (fuera del solapamiento) para el fondo | B14: 2 | C14: El fondo es el promedio de las primeras y las últimas N lecturas de la traza. Con el montaje actual: 2 por ala, a 2 y 3 Δτ_AC del pico (ver la guía de muestreo).
A15: Ventana de suavizado (puntos, número impar) | B15: 1 | C15: 1 = sin suavizar. Con toma manual (pocos puntos) dejarla en 1: promediar lecturas vecinas ensancha la traza. No cambiarla durante el experimento: es parte del programa de análisis fijo del protocolo.
A16: Semiventana (automático) | B16: =INT((MAX(1,ventana)-1)/2) -> 0 | C16: Puntos a cada lado del promedio móvil.
A17: Lecturas mínimas dentro del ancho a media altura | B17: 5 | C17: Por debajo de esto la interpolación de los cruces pierde precisión: afinar el paso cerca del pico.
A18: Recorrido mínimo a cada lado del centro (múltiplos de Δτ_AC) | B18: 2 | C18: Las lecturas del fondo deben quedar a 2 Δτ_AC o más del centro, donde la autocorrelación sech² es < 0,5 % del pico. Si quedan más cerca, el fondo sale alto y el ancho sale corto (≈ −1,5 fs en simulación).
A19: Lecturas en la zona de solapamiento | B19: 16 | C19: Con el montaje actual caben 16 o 17 lecturas en la zona donde hay solapamiento (señal). Más 2 por ala = 20.
A20: Semiancho de la zona de solapamiento (múltiplos de Δτ_AC) | B20: 1.5 | C20: A ±1,5 Δτ_AC la señal es ≈ 1 % del pico: ahí termina en la práctica el solapamiento.
A21: Resolución de lectura del micrómetro (µm) | B21: 1 | C21: La menor división que se lee con seguridad (con nonio, 1 µm; sin nonio, 10 µm). Solo se usa en la guía de muestreo de abajo.
A23: 3. Corrientes del diseño
A24: Corriente I1 (A) | B24: 5 | C24: Corriente de bombeo del amplificador (AMP pump). Hoja de pruebas de fábrica, tabla 5. Se usan las tres corrientes altas alcanzables: el controlador llega a 7,12 A, así que la fila de 7,23 A queda fuera.
A25: Corriente I2 (A) | B25: 6 | C25: Corriente de bombeo del amplificador (AMP pump). Hoja de pruebas de fábrica, tabla 5. Se usan las tres corrientes altas alcanzables: el controlador llega a 7,12 A, así que la fila de 7,23 A queda fuera.
A26: Corriente I3 (A) | B26: 7 | C26: Corriente de bombeo del amplificador (AMP pump). Hoja de pruebas de fábrica, tabla 5. Se usan las tres corrientes altas alcanzables: el controlador llega a 7,12 A, así que la fila de 7,23 A queda fuera.
A28: 4. Número de réplicas (protocolo, sección 4)
A29: α (riesgo de error tipo I) | B29: 0.05 | C29: Protocolo: 0,05.
A30: Potencia deseada 1 − β | B30: 0.9 | C30: Protocolo: 0,90.
A31: Colas de la prueba (1 o 2) | B31: 2 | C31: 2 si τ0 es un valor medido por el fabricante (cualquier cambio importa); 1 si solo se tiene el máximo garantizado. Con 2 colas el n es algo mayor (más conservador).
A32: Confianza del límite superior de σ | B32: 0.8 | C32: Protocolo: σ = límite superior del 80 % de S (con n = 5 multiplica S por 1,56).
A33: δ por defecto si el fabricante no da ningún dato (fs) | B33: 10 | C33: Protocolo, sección 4, regla 5.
A35: 5. Datos del fabricante para fijar δ (llenar los que existan; ver hoja Réplicas)
A36: Dato | B36: I1 | C36: I2 | D36: I3
A37: τ0: ancho medido por el fabricante (fs) | B37: 107 | C37: 76 | D37: 54
A38: (1) Tolerancia del valor medido t, en τ0 ± t (fs)
A39: (2) Máximo garantizado τmáx (fs) | D39: 80
A40: (3) Semiancho de la banda de aceptación (fs)
A41: (4) Estabilidad declarada del ancho (% rms, p. ej. 2 para 2 %)
A42: Incertidumbre u del fabricante (fs); piso δ ≥ 2u
A43: Referencia: potencia media de fábrica (mW) | B43: 218 | C43: 378 | D43: 579
A44: Fuente: hoja de pruebas de fábrica (tabla 5: 5 A → 107 fs, 6 A → 76 fs, 7 A → 54 fs). La hoja no da tolerancia, banda de aceptación, estabilidad del ancho ni incertidumbre. La estabilidad de 0,40 % rms es de la potencia, no del ancho, y por eso no se usa en la regla 4. τmáx = 80 fs es la especificación de la tabla 4, válida solo en el punto nominal (7,0 A). Ojo: la tabla 4 reporta 70 fs a 7,0 A y la tabla 5 reporta 54 fs a 7 A; se usa la tabla 5 porque da las tres corrientes con el mismo método.
A46: 6. Tiempo disponible para la semana
A47: Horas de medición útiles por día (sin calentamiento) | B47: 5 | C47: Tiempo neto para tomar trazas cada día (lun 26 – jue 29).
A48: Minutos por traza (dejar vacío para usar el cronometraje del piloto) | C48: Si se llena, reemplaza la duración medida en el Registro del piloto.
A49: Semilla del sorteo del orden de la semana | B49: 2610 | C49: Cambiarla genera otro orden aleatorio en la hoja Plan semana. Fijar el definitivo el sábado por la noche.
A51: 7. Guía de muestreo manual por corriente (automática)
A52: Cálculo | B52: I1 | C52: I2 | D52: I3
A53: τ0 de fábrica (fs) | B53: =tau0_1 -> 107 | C53: =tau0_2 -> 76 | D53: =tau0_3 -> 54
A54: Ancho de la autocorrelación esperado Δτ_AC = τ0 / factor (fs) | B54: =IF(ISNUMBER(B53),B53/factor_forma,"") -> 164.61538 | C54: =IF(ISNUMBER(C53),C53/factor_forma,"") -> 116.92308 | D54: =IF(ISNUMBER(D53),D53/factor_forma,"") -> 83.076923
A55: Δτ_AC en recorrido del micrómetro (µm) | B55: =IF(ISNUMBER(B54),B54/(pasos*10^-6/c_luz*10^15),"") -> 24.675225 | C55: =IF(ISNUMBER(C54),C54/(pasos*10^-6/c_luz*10^15),"") -> 17.526328 | D55: =IF(ISNUMBER(D54),D54/(pasos*10^-6/c_luz*10^15),"") -> 12.452917
A56: Zona de solapamiento: ± desde el pico (µm) | B56: =IF(ISNUMBER(B55),ROUND(zona_ac*B55,0),"") -> 37 | C56: =IF(ISNUMBER(C55),ROUND(zona_ac*C55,0),"") -> 26 | D56: =IF(ISNUMBER(D55),ROUND(zona_ac*D55,0),"") -> 19
A57: Paso en la zona = 2 × zona / (lecturas − 1) (µm) | B57: =IF(ISNUMBER(B56),MAX(resol,INT(2*zona_ac*B55/(n_zona-1)/resol)*resol),"") -> 4 | C57: =IF(ISNUMBER(C56),MAX(resol,INT(2*zona_ac*C55/(n_zona-1)/resol)*resol),"") -> 3 | D57: =IF(ISNUMBER(D56),MAX(resol,INT(2*zona_ac*D55/(n_zona-1)/resol)*resol),"") -> 2
A58: Lecturas dentro del ancho a media altura | B58: =IF(ISNUMBER(B57),INT(B55/B57),"") -> 6 | C58: =IF(ISNUMBER(C57),INT(C55/C57),"") -> 5 | D58: =IF(ISNUMBER(D57),INT(D55/D57),"") -> 6
A59: Ala 1: lectura a ± 2 Δτ_AC del pico (µm) | B59: =IF(ISNUMBER(B55),ROUND(2*B55,0),"") -> 49 | C59: =IF(ISNUMBER(C55),ROUND(2*C55,0),"") -> 35 | D59: =IF(ISNUMBER(D55),ROUND(2*D55,0),"") -> 25
A60: Ala 2: lectura a ± 3 Δτ_AC del pico (µm) | B60: =IF(ISNUMBER(B55),ROUND(3*B55,0),"") -> 74 | C60: =IF(ISNUMBER(C55),ROUND(3*C55,0),"") -> 53 | D60: =IF(ISNUMBER(D55),ROUND(3*D55,0),"") -> 37
A61: Lecturas por traza = zona + 2 por ala | B61: =IF(ISNUMBER(B55),n_zona+2*n_fondo,"") -> 20 | C61: =IF(ISNUMBER(C55),n_zona+2*n_fondo,"") -> 20 | D61: =IF(ISNUMBER(D55),n_zona+2*n_fondo,"") -> 20
A62: ¿El micrómetro lo resuelve? | B62: =IF(ISNUMBER(B58),IF(B58>=pts_min,"Sí","No: hace falta leer más fino"),"") -> Sí | C62: =IF(ISNUMBER(C58),IF(C58>=pts_min,"Sí","No: hace falta leer más fino"),"") -> Sí | D62: =IF(ISNUMBER(D58),IF(D58>=pts_min,"Sí","No: hace falta leer más fino"),"") -> Sí
A63: Cómo tomar una traza a mano: buscar el pico; ir a la lectura del ala 2 de un lado; avanzar girando el micrómetro siempre en el mismo sentido (así el juego mecánico no cambia la posición): ala 2, ala 1, las lecturas de la zona con el paso de la tabla, ala 1 y ala 2 del otro lado. Anotar posición y potencia de cada lectura en orden.

Sheet Registro piloto
A1: Registro del piloto · sábado 24 de octubre de 2026
A2: Orden sorteado (semilla 20261024): 5 réplicas por corriente, 15 trazas. Medir en este orden; la traza N° k se pega en la hoja Rk.
A3: Amarillo = llenar. La duración se toma de la hora de inicio de una traza a la de la siguiente (incluye el cambio de corriente).
A4: N° | B4: Hoja | C4: Corriente | D4: Corriente (A) | E4: Hora inicio | F4: Hora fin | G4: Potencia media del láser (mW) | H4: ¿Válida? | I4: Observaciones (causa si no es válida) | J4: Δτ_AC (fs) | K4: τp (fs) | L4: Estado de la traza
A5: 1 | B5: R01 | C5: I2 | D5: =IF(C5="","",IF(INDEX(corrientes,MATCH(C5,{"I1","I2","I3"},0))="","(falta)",INDEX(corrientes,MATCH(C5,{"I1","I2","I3"},0)))) -> 6 | E5: 0.25625 | F5: 0.26527778 | H5: Sí | J5: =IFERROR('R01'!$M$12+0,"") -> 102.19708 | K5: =IFERROR('R01'!$M$13+0,"") -> 66.428104 | L5: ='R01'!$M$20 -> OK
A6: 2 | B6: R02 | C6: I3 | D6: =IF(C6="","",IF(INDEX(corrientes,MATCH(C6,{"I1","I2","I3"},0))="","(falta)",INDEX(corrientes,MATCH(C6,{"I1","I2","I3"},0)))) -> 7 | E6: 0.27013889 | F6: 0.27777778 | H6: Sí | J6: =IFERROR('R02'!$M$12+0,"") -> 198.20488 | K6: =IFERROR('R02'!$M$13+0,"") -> 128.83317 | L6: ='R02'!$M$20 -> Aviso: pocas lecturas dentro del ancho; afinar el paso cerca del pico
A7: 3 | B7: R03 | C7: I3 | D7: =IF(C7="","",IF(INDEX(corrientes,MATCH(C7,{"I1","I2","I3"},0))="","(falta)",INDEX(corrientes,MATCH(C7,{"I1","I2","I3"},0)))) -> 7 | E7: 0.27916667 | F7: 0.28333333 | H7: Sí | J7: =IFERROR('R03'!$M$12+0,"") -> 253.72721 | K7: =IFERROR('R03'!$M$13+0,"") -> 164.92269 | L7: ='R03'!$M$20 -> Aviso: pocas lecturas dentro del ancho; afinar el paso cerca del pico
A8: 4 | B8: R04 | C8: I2 | D8: =IF(C8="","",IF(INDEX(corrientes,MATCH(C8,{"I1","I2","I3"},0))="","(falta)",INDEX(corrientes,MATCH(C8,{"I1","I2","I3"},0)))) -> 6 | E8: 0.28402778 | F8: 0.2875 | H8: Sí | J8: =IFERROR('R04'!$M$12+0,"") -> 249.691 | K8: =IFERROR('R04'!$M$13+0,"") -> 162.29915 | L8: ='R04'!$M$20 -> Aviso: pocas lecturas dentro del ancho; afinar el paso cerca del pico
A9: 5 | B9: R05 | C9: I3 | D9: =IF(C9="","",IF(INDEX(corrientes,MATCH(C9,{"I1","I2","I3"},0))="","(falta)",INDEX(corrientes,MATCH(C9,{"I1","I2","I3"},0)))) -> 7 | E9: 0.2875 | F9: 0.29236111 | H9: Sí | J9: =IFERROR('R05'!$M$12+0,"") -> 249.30127 | K9: =IFERROR('R05'!$M$13+0,"") -> 162.04582 | L9: ='R05'!$M$20 -> Aviso: pocas lecturas dentro del ancho; afinar el paso cerca del pico
A10: 6 | B10: R06 | C10: I2 | D10: =IF(C10="","",IF(INDEX(corrientes,MATCH(C10,{"I1","I2","I3"},0))="","(falta)",INDEX(corrientes,MATCH(C10,{"I1","I2","I3"},0)))) -> 6 | E10: 0.29305556 | F10: 0.29583333 | H10: Sí | J10: =IFERROR('R06'!$M$12+0,"") -> 238.59705 | K10: =IFERROR('R06'!$M$13+0,"") -> 155.08808 | L10: ='R06'!$M$20 -> Aviso: pocas lecturas dentro del ancho; afinar el paso cerca del pico
A11: 7 | B11: R07 | C11: I2 | D11: =IF(C11="","",IF(INDEX(corrientes,MATCH(C11,{"I1","I2","I3"},0))="","(falta)",INDEX(corrientes,MATCH(C11,{"I1","I2","I3"},0)))) -> 6 | E11: 0.29652778 | H11: Sí | J11: =IFERROR('R07'!$M$12+0,"") | K11: =IFERROR('R07'!$M$13+0,"") | L11: ='R07'!$M$20 -> Revisar: columnas A y B con distinto número de datos
A12: 8 | B12: R08 | C12: I3 | D12: =IF(C12="","",IF(INDEX(corrientes,MATCH(C12,{"I1","I2","I3"},0))="","(falta)",INDEX(corrientes,MATCH(C12,{"I1","I2","I3"},0)))) -> 7 | E12: 0.29930556 | F12: 0.30277778 | H12: Sí | J12: =IFERROR('R08'!$M$12+0,"") -> 243.95337 | K12: =IFERROR('R08'!$M$13+0,"") -> 158.56969 | L12: ='R08'!$M$20 -> Aviso: pocas lecturas dentro del ancho; afinar el paso cerca del pico
A13: 9 | B13: R09 | C13: I1 | D13: =IF(C13="","",IF(INDEX(corrientes,MATCH(C13,{"I1","I2","I3"},0))="","(falta)",INDEX(corrientes,MATCH(C13,{"I1","I2","I3"},0)))) -> 5 | E13: 0.30347222 | F13: 0.30555556 | H13: Sí | J13: =IFERROR('R09'!$M$12+0,"") -> 314.33869 | K13: =IFERROR('R09'!$M$13+0,"") -> 204.32015 | L13: ='R09'!$M$20 -> Aviso: el barrido no llega a las alas
A14: 10 | B14: R10 | C14: I1 | D14: =IF(C14="","",IF(INDEX(corrientes,MATCH(C14,{"I1","I2","I3"},0))="","(falta)",INDEX(corrientes,MATCH(C14,{"I1","I2","I3"},0)))) -> 5 | E14: 0.30625 | F14: 0.30972222 | H14: Sí | J14: =IFERROR('R10'!$M$12+0,"") -> 303.93009 | K14: =IFERROR('R10'!$M$13+0,"") -> 197.55456 | L14: ='R10'!$M$20 -> Aviso: pocas lecturas dentro del ancho; afinar el paso cerca del pico
A15: 11 | B15: R11 | C15: I1 | D15: =IF(C15="","",IF(INDEX(corrientes,MATCH(C15,{"I1","I2","I3"},0))="","(falta)",INDEX(corrientes,MATCH(C15,{"I1","I2","I3"},0)))) -> 5 | E15: 0.31041667 | F15: 0.3125 | H15: Sí | J15: =IFERROR('R11'!$M$12+0,"") -> 306.56248 | K15: =IFERROR('R11'!$M$13+0,"") -> 199.26561 | L15: ='R11'!$M$20 -> Aviso: el barrido no llega a las alas
A16: 12 | B16: R12 | C16: I1 | D16: =IF(C16="","",IF(INDEX(corrientes,MATCH(C16,{"I1","I2","I3"},0))="","(falta)",INDEX(corrientes,MATCH(C16,{"I1","I2","I3"},0)))) -> 5 | E16: 0.31319444 | F16: 0.31736111 | H16: Sí | J16: =IFERROR('R12'!$M$12+0,"") -> 314.88611 | K16: =IFERROR('R12'!$M$13+0,"") -> 204.67597 | L16: ='R12'!$M$20 -> Aviso: el barrido no llega a las alas
A17: 13 | B17: R13 | C17: I3 | D17: =IF(C17="","",IF(INDEX(corrientes,MATCH(C17,{"I1","I2","I3"},0))="","(falta)",INDEX(corrientes,MATCH(C17,{"I1","I2","I3"},0)))) -> 7 | E17: 0.31805556 | F17: 0.32291667 | H17: Sí | J17: =IFERROR('R13'!$M$12+0,"") -> 237.27131 | K17: =IFERROR('R13'!$M$13+0,"") -> 154.22635 | L17: ='R13'!$M$20 -> Aviso: pocas lecturas dentro del ancho; afinar el paso cerca del pico
A18: 14 | B18: R14 | C18: I1 | D18: =IF(C18="","",IF(INDEX(corrientes,MATCH(C18,{"I1","I2","I3"},0))="","(falta)",INDEX(corrientes,MATCH(C18,{"I1","I2","I3"},0)))) -> 5 | E18: 0.32361111 | F18: 0.32847222 | H18: Sí | J18: =IFERROR('R14'!$M$12+0,"") -> 307.0489 | K18: =IFERROR('R14'!$M$13+0,"") -> 199.58178 | L18: ='R14'!$M$20 -> Aviso: el barrido no llega a las alas
A19: 15 | B19: R15 | C19: I2 | D19: =IF(C19="","",IF(INDEX(corrientes,MATCH(C19,{"I1","I2","I3"},0))="","(falta)",INDEX(corrientes,MATCH(C19,{"I1","I2","I3"},0)))) -> 6 | E19: 0.32916667 | H19: Sí | J19: =IFERROR('R15'!$M$12+0,"") -> 238.09426 | K19: =IFERROR('R15'!$M$13+0,"") -> 154.76127 | L19: ='R15'!$M$20 -> Aviso: pocas lecturas dentro del ancho; afinar el paso cerca del pico
A21: Nota: R02 a R07 Descartar | I21: Duración media por traza (min) | J21: =IF(COUNT(E5:E19)<2,"",(MAX(E5:E19)-MIN(E5:E19))*1440/(COUNT(E5:E19)-1)) -> 7.5 | K21: entre inicios consecutivos
I22: Duración media de la toma sola (min) | J22: =IF(COUNT(F5:F19)=0,"",SUMPRODUCT((F5:F19>0)*(E5:E19>0)*(F5:F19-E5:E19))*1440/SUMPRODUCT((F5:F19>0)*(E5:E19>0))) -> 6.3076923 | K22: de inicio a fin de cada traza
A24: Reglas del protocolo (sección 5): una traza solo se marca «No» por una causa anotada en el momento (el láser perdió los pulsos, la potencia salió del rango o el barrido se interrumpió). Nunca por dar un valor inesperado. Toda traza descartada se repone con una nueva (pegarla en la misma hoja y anotarlo).

Sheet Resumen piloto
A1: Resumen del piloto por corriente
A2: Solo cuentan las trazas con τp calculado y marcadas «Sí» en el Registro.
A4: N° | B4: Corriente | C4: τp usable (fs) | D4: (τp − media)² | E4: Orden | G4: x I1 | H4: τp I1 | I4: x I2 | J4: τp I2 | K4: x I3 | L4: τp I3
A5: ='Registro piloto'!A5 -> 1 | B5: ='Registro piloto'!C5 -> I2 | C5: =IF(AND(ISNUMBER('Registro piloto'!K5),'Registro piloto'!H5<>"No"),'Registro piloto'!K5,"") -> 66.428104 | D5: =IF(ISNUMBER(C5),(C5-INDEX($C$22:$C$24,MATCH(B5,$A$22:$A$24,0)))^2,0) -> 4653.4293 | E5: =A5 -> 1 | G5: =IF(AND(B5="I1",ISNUMBER(C5)),1,NA()) -> #N/A | H5: =IF(AND(B5="I1",ISNUMBER(C5)),C5,NA()) -> #N/A | I5: =IF(AND(B5="I2",ISNUMBER(C5)),2,NA()) -> 2 | J5: =IF(AND(B5="I2",ISNUMBER(C5)),C5,NA()) -> 66.428104 | K5: =IF(AND(B5="I3",ISNUMBER(C5)),3,NA()) -> #N/A | L5: =IF(AND(B5="I3",ISNUMBER(C5)),C5,NA()) -> #N/A
A6: ='Registro piloto'!A6 -> 2 | B6: ='Registro piloto'!C6 -> I3 | C6: =IF(AND(ISNUMBER('Registro piloto'!K6),'Registro piloto'!H6<>"No"),'Registro piloto'!K6,"") -> 128.83317 | D6: =IF(ISNUMBER(C6),(C6-INDEX($C$22:$C$24,MATCH(B6,$A$22:$A$24,0)))^2,0) -> 619.3317 | E6: =A6 -> 2 | G6: =IF(AND(B6="I1",ISNUMBER(C6)),1,NA()) -> #N/A | H6: =IF(AND(B6="I1",ISNUMBER(C6)),C6,NA()) -> #N/A | I6: =IF(AND(B6="I2",ISNUMBER(C6)),2,NA()) -> #N/A | J6: =IF(AND(B6="I2",ISNUMBER(C6)),C6,NA()) -> #N/A | K6: =IF(AND(B6="I3",ISNUMBER(C6)),3,NA()) -> 3 | L6: =IF(AND(B6="I3",ISNUMBER(C6)),C6,NA()) -> 128.83317
A7: ='Registro piloto'!A7 -> 3 | B7: ='Registro piloto'!C7 -> I3 | C7: =IF(AND(ISNUMBER('Registro piloto'!K7),'Registro piloto'!H7<>"No"),'Registro piloto'!K7,"") -> 164.92269 | D7: =IF(ISNUMBER(C7),(C7-INDEX($C$22:$C$24,MATCH(B7,$A$22:$A$24,0)))^2,0) -> 125.51041 | E7: =A7 -> 3 | G7: =IF(AND(B7="I1",ISNUMBER(C7)),1,NA()) -> #N/A | H7: =IF(AND(B7="I1",ISNUMBER(C7)),C7,NA()) -> #N/A | I7: =IF(AND(B7="I2",ISNUMBER(C7)),2,NA()) -> #N/A | J7: =IF(AND(B7="I2",ISNUMBER(C7)),C7,NA()) -> #N/A | K7: =IF(AND(B7="I3",ISNUMBER(C7)),3,NA()) -> 3 | L7: =IF(AND(B7="I3",ISNUMBER(C7)),C7,NA()) -> 164.92269
A8: ='Registro piloto'!A8 -> 4 | B8: ='Registro piloto'!C8 -> I2 | C8: =IF(AND(ISNUMBER('Registro piloto'!K8),'Registro piloto'!H8<>"No"),'Registro piloto'!K8,"") -> 162.29915 | D8: =IF(ISNUMBER(C8),(C8-INDEX($C$22:$C$24,MATCH(B8,$A$22:$A$24,0)))^2,0) -> 764.79906 | E8: =A8 -> 4 | G8: =IF(AND(B8="I1",ISNUMBER(C8)),1,NA()) -> #N/A | H8: =IF(AND(B8="I1",ISNUMBER(C8)),C8,NA()) -> #N/A | I8: =IF(AND(B8="I2",ISNUMBER(C8)),2,NA()) -> 2 | J8: =IF(AND(B8="I2",ISNUMBER(C8)),C8,NA()) -> 162.29915 | K8: =IF(AND(B8="I3",ISNUMBER(C8)),3,NA()) -> #N/A | L8: =IF(AND(B8="I3",ISNUMBER(C8)),C8,NA()) -> #N/A
A9: ='Registro piloto'!A9 -> 5 | B9: ='Registro piloto'!C9 -> I3 | C9: =IF(AND(ISNUMBER('Registro piloto'!K9),'Registro piloto'!H9<>"No"),'Registro piloto'!K9,"") -> 162.04582 | D9: =IF(ISNUMBER(C9),(C9-INDEX($C$22:$C$24,MATCH(B9,$A$22:$A$24,0)))^2,0) -> 69.32693 | E9: =A9 -> 5 | G9: =IF(AND(B9="I1",ISNUMBER(C9)),1,NA()) -> #N/A | H9: =IF(AND(B9="I1",ISNUMBER(C9)),C9,NA()) -> #N/A | I9: =IF(AND(B9="I2",ISNUMBER(C9)),2,NA()) -> #N/A | J9: =IF(AND(B9="I2",ISNUMBER(C9)),C9,NA()) -> #N/A | K9: =IF(AND(B9="I3",ISNUMBER(C9)),3,NA()) -> 3 | L9: =IF(AND(B9="I3",ISNUMBER(C9)),C9,NA()) -> 162.04582
A10: ='Registro piloto'!A10 -> 6 | B10: ='Registro piloto'!C10 -> I2 | C10: =IF(AND(ISNUMBER('Registro piloto'!K10),'Registro piloto'!H10<>"No"),'Registro piloto'!K10,"") -> 155.08808 | D10: =IF(ISNUMBER(C10),(C10-INDEX($C$22:$C$24,MATCH(B10,$A$22:$A$24,0)))^2,0) -> 417.95436 | E10: =A10 -> 6 | G10: =IF(AND(B10="I1",ISNUMBER(C10)),1,NA()) -> #N/A | H10: =IF(AND(B10="I1",ISNUMBER(C10)),C10,NA()) -> #N/A | I10: =IF(AND(B10="I2",ISNUMBER(C10)),2,NA()) -> 2 | J10: =IF(AND(B10="I2",ISNUMBER(C10)),C10,NA()) -> 155.08808 | K10: =IF(AND(B10="I3",ISNUMBER(C10)),3,NA()) -> #N/A | L10: =IF(AND(B10="I3",ISNUMBER(C10)),C10,NA()) -> #N/A
A11: ='Registro piloto'!A11 -> 7 | B11: ='Registro piloto'!C11 -> I2 | C11: =IF(AND(ISNUMBER('Registro piloto'!K11),'Registro piloto'!H11<>"No"),'Registro piloto'!K11,"") | D11: =IF(ISNUMBER(C11),(C11-INDEX($C$22:$C$24,MATCH(B11,$A$22:$A$24,0)))^2,0) -> 0 | E11: =A11 -> 7 | G11: =IF(AND(B11="I1",ISNUMBER(C11)),1,NA()) -> #N/A | H11: =IF(AND(B11="I1",ISNUMBER(C11)),C11,NA()) -> #N/A | I11: =IF(AND(B11="I2",ISNUMBER(C11)),2,NA()) -> #N/A | J11: =IF(AND(B11="I2",ISNUMBER(C11)),C11,NA()) -> #N/A | K11: =IF(AND(B11="I3",ISNUMBER(C11)),3,NA()) -> #N/A | L11: =IF(AND(B11="I3",ISNUMBER(C11)),C11,NA()) -> #N/A
A12: ='Registro piloto'!A12 -> 8 | B12: ='Registro piloto'!C12 -> I3 | C12: =IF(AND(ISNUMBER('Registro piloto'!K12),'Registro piloto'!H12<>"No"),'Registro piloto'!K12,"") -> 158.56969 | D12: =IF(ISNUMBER(C12),(C12-INDEX($C$22:$C$24,MATCH(B12,$A$22:$A$24,0)))^2,0) -> 23.523932 | E12: =A12 -> 8 | G12: =IF(AND(B12="I1",ISNUMBER(C12)),1,NA()) -> #N/A | H12: =IF(AND(B12="I1",ISNUMBER(C12)),C12,NA()) -> #N/A | I12: =IF(AND(B12="I2",ISNUMBER(C12)),2,NA()) -> #N/A | J12: =IF(AND(B12="I2",ISNUMBER(C12)),C12,NA()) -> #N/A | K12: =IF(AND(B12="I3",ISNUMBER(C12)),3,NA()) -> 3 | L12: =IF(AND(B12="I3",ISNUMBER(C12)),C12,NA()) -> 158.56969
A13: ='Registro piloto'!A13 -> 9 | B13: ='Registro piloto'!C13 -> I1 | C13: =IF(AND(ISNUMBER('Registro piloto'!K13),'Registro piloto'!H13<>"No"),'Registro piloto'!K13,"") -> 204.32015 | D13: =IF(ISNUMBER(C13),(C13-INDEX($C$22:$C$24,MATCH(B13,$A$22:$A$24,0)))^2,0) -> 10.501037 | E13: =A13 -> 9 | G13: =IF(AND(B13="I1",ISNUMBER(C13)),1,NA()) -> 1 | H13: =IF(AND(B13="I1",ISNUMBER(C13)),C13,NA()) -> 204.32015 | I13: =IF(AND(B13="I2",ISNUMBER(C13)),2,NA()) -> #N/A | J13: =IF(AND(B13="I2",ISNUMBER(C13)),C13,NA()) -> #N/A | K13: =IF(AND(B13="I3",ISNUMBER(C13)),3,NA()) -> #N/A | L13: =IF(AND(B13="I3",ISNUMBER(C13)),C13,NA()) -> #N/A
A14: ='Registro piloto'!A14 -> 10 | B14: ='Registro piloto'!C14 -> I1 | C14: =IF(AND(ISNUMBER('Registro piloto'!K14),'Registro piloto'!H14<>"No"),'Registro piloto'!K14,"") -> 197.55456 | D14: =IF(ISNUMBER(C14),(C14-INDEX($C$22:$C$24,MATCH(B14,$A$22:$A$24,0)))^2,0) -> 12.42602 | E14: =A14 -> 10 | G14: =IF(AND(B14="I1",ISNUMBER(C14)),1,NA()) -> 1 | H14: =IF(AND(B14="I1",ISNUMBER(C14)),C14,NA()) -> 197.55456 | I14: =IF(AND(B14="I2",ISNUMBER(C14)),2,NA()) -> #N/A | J14: =IF(AND(B14="I2",ISNUMBER(C14)),C14,NA()) -> #N/A | K14: =IF(AND(B14="I3",ISNUMBER(C14)),3,NA()) -> #N/A | L14: =IF(AND(B14="I3",ISNUMBER(C14)),C14,NA()) -> #N/A
A15: ='Registro piloto'!A15 -> 11 | B15: ='Registro piloto'!C15 -> I1 | C15: =IF(AND(ISNUMBER('Registro piloto'!K15),'Registro piloto'!H15<>"No"),'Registro piloto'!K15,"") -> 199.26561 | D15: =IF(ISNUMBER(C15),(C15-INDEX($C$22:$C$24,MATCH(B15,$A$22:$A$24,0)))^2,0) -> 3.2906015 | E15: =A15 -> 11 | G15: =IF(AND(B15="I1",ISNUMBER(C15)),1,NA()) -> 1 | H15: =IF(AND(B15="I1",ISNUMBER(C15)),C15,NA()) -> 199.26561 | I15: =IF(AND(B15="I2",ISNUMBER(C15)),2,NA()) -> #N/A | J15: =IF(AND(B15="I2",ISNUMBER(C15)),C15,NA()) -> #N/A | K15: =IF(AND(B15="I3",ISNUMBER(C15)),3,NA()) -> #N/A | L15: =IF(AND(B15="I3",ISNUMBER(C15)),C15,NA()) -> #N/A
A16: ='Registro piloto'!A16 -> 12 | B16: ='Registro piloto'!C16 -> I1 | C16: =IF(AND(ISNUMBER('Registro piloto'!K16),'Registro piloto'!H16<>"No"),'Registro piloto'!K16,"") -> 204.67597 | D16: =IF(ISNUMBER(C16),(C16-INDEX($C$22:$C$24,MATCH(B16,$A$22:$A$24,0)))^2,0) -> 12.933797 | E16: =A16 -> 12 | G16: =IF(AND(B16="I1",ISNUMBER(C16)),1,NA()) -> 1 | H16: =IF(AND(B16="I1",ISNUMBER(C16)),C16,NA()) -> 204.67597 | I16: =IF(AND(B16="I2",ISNUMBER(C16)),2,NA()) -> #N/A | J16: =IF(AND(B16="I2",ISNUMBER(C16)),C16,NA()) -> #N/A | K16: =IF(AND(B16="I3",ISNUMBER(C16)),3,NA()) -> #N/A | L16: =IF(AND(B16="I3",ISNUMBER(C16)),C16,NA()) -> #N/A
... A19: ='Registro piloto'!A19 -> 15 | B19: ='Registro piloto'!C19 -> I2 | C19: =IF(AND(ISNUMBER('Registro piloto'!K19),'Registro piloto'!H19<>"No"),'Registro piloto'!K19,"") -> 154.76127 | D19: =IF(ISNUMBER(C19),(C19-INDEX($C$22:$C$24,MATCH(B19,$A$22:$A$24,0)))^2,0) -> 404.69835 | E19: =A19 -> 15 | G19: =IF(AND(B19="I1",ISNUMBER(C19)),1,NA()) -> #N/A | H19: =IF(AND(B19="I1",ISNUMBER(C19)),C19,NA()) -> #N/A | I19: =IF(AND(B19="I2",ISNUMBER(C19)),2,NA()) -> 2 | J19: =IF(AND(B19="I2",ISNUMBER(C19)),C19,NA()) -> 154.76127 | K19: =IF(AND(B19="I3",ISNUMBER(C19)),3,NA()) -> #N/A | L19: =IF(AND(B19="I3",ISNUMBER(C19)),C19,NA()) -> #N/A
G20: Columnas G:L: solo alimentan las gráficas (#N/A = punto que no se dibuja).
A21: Corriente | B21: n | C21: Media τp (fs) | D21: S (fs) | E21: CV (%) | G21: Corriente (A) | H21: τ0 fábrica (fs) | I21: Media − τ0 (fs) | J21: x
A22: I1 | B22: =COUNTIFS($B$5:$B$19,A22,$C$5:$C$19,">0") -> 5 | C22: =IF(B22=0,"",AVERAGEIFS($C$5:$C$19,$B$5:$B$19,A22)) -> 201.07962 | D22: =IF(B22<2,"",SQRT(SUMIFS($D$5:$D$19,$B$5:$B$19,A22)/(B22-1))) -> 3.2169456 | E22: =IF(ISNUMBER(D22),100*D22/C22,"") -> 1.5998367 | G22: =IF(I1_A="","",I1_A) -> 5 | H22: =IF(ISNUMBER(tau0_1),tau0_1,NA()) -> 107 | I22: =IF(AND(ISNUMBER(C22),ISNUMBER(H22)),C22-H22,"") -> 94.079615 | J22: 1
A23: I2 | B23: =COUNTIFS($B$5:$B$19,A23,$C$5:$C$19,">0") -> 4 | C23: =IF(B23=0,"",AVERAGEIFS($C$5:$C$19,$B$5:$B$19,A23)) -> 134.64415 | D23: =IF(B23<2,"",SQRT(SUMIFS($D$5:$D$19,$B$5:$B$19,A23)/(B23-1))) -> 45.610237 | E23: =IF(ISNUMBER(D23),100*D23/C23,"") -> 33.874651 | G23: =IF(I2_A="","",I2_A) -> 6 | H23: =IF(ISNUMBER(tau0_2),tau0_2,NA()) -> 76 | I23: =IF(AND(ISNUMBER(C23),ISNUMBER(H23)),C23-H23,"") -> 58.644152 | J23: 2
A24: I3 | B24: =COUNTIFS($B$5:$B$19,A24,$C$5:$C$19,">0") -> 5 | C24: =IF(B24=0,"",AVERAGEIFS($C$5:$C$19,$B$5:$B$19,A24)) -> 153.71955 | D24: =IF(B24<2,"",SQRT(SUMIFS($D$5:$D$19,$B$5:$B$19,A24)/(B24-1))) -> 14.473681 | E24: =IF(ISNUMBER(D24),100*D24/C24,"") -> 9.4156416 | G24: =IF(I3_A="","",I3_A) -> 7 | H24: =IF(ISNUMBER(tau0_3),tau0_3,NA()) -> 54 | I24: =IF(AND(ISNUMBER(C24),ISNUMBER(H24)),C24-H24,"") -> 99.719545 | J24: 3
A25: Con solo 5 datos por corriente no se prueba normalidad: el piloto solo estima S. La normalidad se revisa con los datos de la semana (protocolo, sección 6).

Sheet Réplicas
A1: Número de réplicas de la semana (protocolo, sección 4)
A2: Todo es automático. Celdas verdes = resultados clave. Montgomery, sec. 2-4.2 y curvas OC (apéndice V).
I3: Curva OC numérica: potencia de la t de una muestra (aproximación normal de la t no central)
A4: Paso 1 · σ conservadora | B4: I1 | C4: I2 | D4: I3 | E4: Usado | I4: n | J4: ν | K4: t crítico | L4: λ = d√n | M4: Potencia | N4: n si ≥ 1−β | O4: d₀ | P4: d₁ | Q4: d₂ | R4: d₃ | S4: d_det
A5: n del piloto (trazas válidas) | B5: =n_I1 -> 5 | C5: =n_I2 -> 4 | D5: =n_I3 -> 5 | I5: 2 | J5: =I5-1 -> 1 | K5: =IF(colas=2,TINV(alfa,J5),TINV(2*alfa,J5)) -> 12.706205 | L5: =IF(ISNUMBER($E$19),$E$19*SQRT(I5),"") -> 0.1794786 | M5: =IF(ISNUMBER($E$19),((1-NORMSDIST((K5*(1-1/(4*J5))-($E$19)*SQRT(I5))/SQRT(1+K5^2/(2*J5))))+IF(colas=2,NORMSDIST((-K5*(1-1/(4*J5))-($E$19)*SQRT(I5))/SQRT(1+K5^2/(2*J5))),0)),"") -> 0.29190893 | N5: =IF(ISNUMBER(M5),IF(M5>=potencia,I5,""),"") | O5: =(K5+TINV(2*(1-potencia),J5))/SQRT(I5) -> 11.160894 | P5: =IFERROR(O5-(((1-NORMSDIST((K5*(1-1/(4*J5))-(O5)*SQRT(I5))/SQRT(1+K5^2/(2*J5))))+IF(colas=2,NORMSDIST((-K5*(1-1/(4*J5))-(O5)*SQRT(I5))/SQRT(1+K5^2/(2*J5))),0))-potencia)/((((1-NORMSDIST((K5*(1-1/(4*J5))-(O5+(0.001*O5))*SQRT(I5))/SQRT(1+K5^2/(2*J5))))+IF(colas=2,NORMSDIST((-K5*(1-1/(4*J5))-(O5+(0.001*O5))*SQRT(I5))/SQRT(1+K5^2/(2*J5))),0))-((1-NORMSDIST((K5*(1-1/(4*J5))-(O5-(0.001*O5))*SQRT(I5))/SQRT(1+K5^2/(2*J5))))+IF(colas=2,NORMSDIST((-K5*(1-1/(4*J5))-(O5-(0.001*O5))*SQRT(I5))/SQRT(1+K5^2/(2*J5))),0)))/(2*(0.001*O5))),O5) -> 14.125419 | Q5: =IFERROR(P5-(((1-NORMSDIST((K5*(1-1/(4*J5))-(P5)*SQRT(I5))/SQRT(1+K5^2/(2*J5))))+IF(colas=2,NORMSDIST((-K5*(1-1/(4*J5))-(P5)*SQRT(I5))/SQRT(1+K5^2/(2*J5))),0))-potencia)/((((1-NORMSDIST((K5*(1-1/(4*J5))-(P5+(0.001*P5))*SQRT(I5))/SQRT(1+K5^2/(2*J5))))+IF(colas=2,NORMSDIST((-K5*(1-1/(4*J5))-(P5+(0.001*P5))*SQRT(I5))/SQRT(1+K5^2/(2*J5))),0))-((1-NORMSDIST((K5*(1-1/(4*J5))-(P5-(0.001*P5))*SQRT(I5))/SQRT(1+K5^2/(2*J5))))+IF(colas=2,NORMSDIST((-K5*(1-1/(4*J5))-(P5-(0.001*P5))*SQRT(I5))/SQRT(1+K5^2/(2*J5))),0)))/(2*(0.001*P5))),P5) -> 14.862646 | R5: =IFERROR(Q5-(((1-NORMSDIST((K5*(1-1/(4*J5))-(Q5)*SQRT(I5))/SQRT(1+K5^2/(2*J5))))+IF(colas=2,NORMSDIST((-K5*(1-1/(4*J5))-(Q5)*SQRT(I5))/SQRT(1+K5^2/(2*J5))),0))-potencia)/((((1-NORMSDIST((K5*(1-1/(4*J5))-(Q5+(0.001*Q5))*SQRT(I5))/SQRT(1+K5^2/(2*J5))))+IF(colas=2,NORMSDIST((-K5*(1-1/(4*J5))-(Q5+(0.001*Q5))*SQRT(I5))/SQRT(1+K5^2/(2*J5))),0))-((1-NORMSDIST((K5*(1-1/(4*J5))-(Q5-(0.001*Q5))*SQRT(I5))/SQRT(1+K5^2/(2*J5))))+IF(colas=2,NORMSDIST((-K5*(1-1/(4*J5))-(Q5-(0.001*Q5))*SQRT(I5))/SQRT(1+K5^2/(2*J5))),0)))/(2*(0.001*Q5))),Q5) -> 14.917475 | S5: =R5 -> 14.917475
A6: S del piloto (fs) | B6: =IF(ISNUMBER(S_I1),S_I1,"") -> 3.2169456 | C6: =IF(ISNUMBER(S_I2),S_I2,"") -> 45.610237 | D6: =IF(ISNUMBER(S_I3),S_I3,"") -> 14.473681 | E6: =IF(COUNT(B6:D6)=0,"",MAX(B6:D6)) -> 45.610237 | I6: 3 | J6: =I6-1 -> 2 | K6: =IF(colas=2,TINV(alfa,J6),TINV(2*alfa,J6)) -> 4.3026527 | L6: =IF(ISNUMBER($E$19),$E$19*SQRT(I6),"") -> 0.21981549 | M6: =IF(ISNUMBER($E$19),((1-NORMSDIST((K6*(1-1/(4*J6))-($E$19)*SQRT(I6))/SQRT(1+K6^2/(2*J6))))+IF(colas=2,NORMSDIST((-K6*(1-1/(4*J6))-($E$19)*SQRT(I6))/SQRT(1+K6^2/(2*J6))),0)),"") -> 0.11406961 | N6: =IF(ISNUMBER(M6),IF(M6>=potencia,I6,""),"") | O6: =(K6+TINV(2*(1-potencia),J6))/SQRT(I6) -> 3.5727998 | P6: =IFERROR(O6-(((1-NORMSDIST((K6*(1-1/(4*J6))-(O6)*SQRT(I6))/SQRT(1+K6^2/(2*J6))))+IF(colas=2,NORMSDIST((-K6*(1-1/(4*J6))-(O6)*SQRT(I6))/SQRT(1+K6^2/(2*J6))),0))-potencia)/((((1-NORMSDIST((K6*(1-1/(4*J6))-(O6+(0.001*O6))*SQRT(I6))/SQRT(1+K6^2/(2*J6))))+IF(colas=2,NORMSDIST((-K6*(1-1/(4*J6))-(O6+(0.001*O6))*SQRT(I6))/SQRT(1+K6^2/(2*J6))),0))-((1-NORMSDIST((K6*(1-1/(4*J6))-(O6-(0.001*O6))*SQRT(I6))/SQRT(1+K6^2/(2*J6))))+IF(colas=2,NORMSDIST((-K6*(1-1/(4*J6))-(O6-(0.001*O6))*SQRT(I6))/SQRT(1+K6^2/(2*J6))),0)))/(2*(0.001*O6))),O6) -> 3.8823186 | Q6: =IFERROR(P6-(((1-NORMSDIST((K6*(1-1/(4*J6))-(P6)*SQRT(I6))/SQRT(1+K6^2/(2*J6))))+IF(colas=2,NORMSDIST((-K6*(1-1/(4*J6))-(P6)*SQRT(I6))/SQRT(1+K6^2/(2*J6))),0))-potencia)/((((1-NORMSDIST((K6*(1-1/(4*J6))-(P6+(0.001*P6))*SQRT(I6))/SQRT(1+K6^2/(2*J6))))+IF(colas=2,NORMSDIST((-K6*(1-1/(4*J6))-(P6+(0.001*P6))*SQRT(I6))/SQRT(1+K6^2/(2*J6))),0))-((1-NORMSDIST((K6*(1-1/(4*J6))-(P6-(0.001*P6))*SQRT(I6))/SQRT(1+K6^2/(2*J6))))+IF(colas=2,NORMSDIST((-K6*(1-1/(4*J6))-(P6-(0.001*P6))*SQRT(I6))/SQRT(1+K6^2/(2*J6))),0)))/(2*(0.001*P6))),P6) -> 3.9279407 | R6: =IFERROR(Q6-(((1-NORMSDIST((K6*(1-1/(4*J6))-(Q6)*SQRT(I6))/SQRT(1+K6^2/(2*J6))))+IF(colas=2,NORMSDIST((-K6*(1-1/(4*J6))-(Q6)*SQRT(I6))/SQRT(1+K6^2/(2*J6))),0))-potencia)/((((1-NORMSDIST((K6*(1-1/(4*J6))-(Q6+(0.001*Q6))*SQRT(I6))/SQRT(1+K6^2/(2*J6))))+IF(colas=2,NORMSDIST((-K6*(1-1/(4*J6))-(Q6+(0.001*Q6))*SQRT(I6))/SQRT(1+K6^2/(2*J6))),0))-((1-NORMSDIST((K6*(1-1/(4*J6))-(Q6-(0.001*Q6))*SQRT(I6))/SQRT(1+K6^2/(2*J6))))+IF(colas=2,NORMSDIST((-K6*(1-1/(4*J6))-(Q6-(0.001*Q6))*SQRT(I6))/SQRT(1+K6^2/(2*J6))),0)))/(2*(0.001*Q6))),Q6) -> 3.928924 | S6: =R6 -> 3.928924
A7: Corriente con la S mayor | E7: =IF(ISNUMBER(E6),INDEX($B$4:$D$4,MATCH(E6,B6:D6,0)),"") -> I2 | I7: 4 | J7: =I7-1 -> 3 | K7: =IF(colas=2,TINV(alfa,J7),TINV(2*alfa,J7)) -> 3.1824463 | L7: =IF(ISNUMBER($E$19),$E$19*SQRT(I7),"") -> 0.25382107 | M7: =IF(ISNUMBER($E$19),((1-NORMSDIST((K7*(1-1/(4*J7))-($E$19)*SQRT(I7))/SQRT(1+K7^2/(2*J7))))+IF(colas=2,NORMSDIST((-K7*(1-1/(4*J7))-($E$19)*SQRT(I7))/SQRT(1+K7^2/(2*J7))),0)),"") -> 0.078679343 | N7: =IF(ISNUMBER(M7),IF(M7>=potencia,I7,""),"") | O7: =(K7+TINV(2*(1-potencia),J7))/SQRT(I7) -> 2.4100953 | P7: =IFERROR(O7-(((1-NORMSDIST((K7*(1-1/(4*J7))-(O7)*SQRT(I7))/SQRT(1+K7^2/(2*J7))))+IF(colas=2,NORMSDIST((-K7*(1-1/(4*J7))-(O7)*SQRT(I7))/SQRT(1+K7^2/(2*J7))),0))-potencia)/((((1-NORMSDIST((K7*(1-1/(4*J7))-(O7+(0.001*O7))*SQRT(I7))/SQRT(1+K7^2/(2*J7))))+IF(colas=2,NORMSDIST((-K7*(1-1/(4*J7))-(O7+(0.001*O7))*SQRT(I7))/SQRT(1+K7^2/(2*J7))),0))-((1-NORMSDIST((K7*(1-1/(4*J7))-(O7-(0.001*O7))*SQRT(I7))/SQRT(1+K7^2/(2*J7))))+IF(colas=2,NORMSDIST((-K7*(1-1/(4*J7))-(O7-(0.001*O7))*SQRT(I7))/SQRT(1+K7^2/(2*J7))),0)))/(2*(0.001*O7))),O7) -> 2.5023243 | Q7: =IFERROR(P7-(((1-NORMSDIST((K7*(1-1/(4*J7))-(P7)*SQRT(I7))/SQRT(1+K7^2/(2*J7))))+IF(colas=2,NORMSDIST((-K7*(1-1/(4*J7))-(P7)*SQRT(I7))/SQRT(1+K7^2/(2*J7))),0))-potencia)/((((1-NORMSDIST((K7*(1-1/(4*J7))-(P7+(0.001*P7))*SQRT(I7))/SQRT(1+K7^2/(2*J7))))+IF(colas=2,NORMSDIST((-K7*(1-1/(4*J7))-(P7+(0.001*P7))*SQRT(I7))/SQRT(1+K7^2/(2*J7))),0))-((1-NORMSDIST((K7*(1-1/(4*J7))-(P7-(0.001*P7))*SQRT(I7))/SQRT(1+K7^2/(2*J7))))+IF(colas=2,NORMSDIST((-K7*(1-1/(4*J7))-(P7-(0.001*P7))*SQRT(I7))/SQRT(1+K7^2/(2*J7))),0)))/(2*(0.001*P7))),P7) -> 2.5091403 | R7: =IFERROR(Q7-(((1-NORMSDIST((K7*(1-1/(4*J7))-(Q7)*SQRT(I7))/SQRT(1+K7^2/(2*J7))))+IF(colas=2,NORMSDIST((-K7*(1-1/(4*J7))-(Q7)*SQRT(I7))/SQRT(1+K7^2/(2*J7))),0))-potencia)/((((1-NORMSDIST((K7*(1-1/(4*J7))-(Q7+(0.001*Q7))*SQRT(I7))/SQRT(1+K7^2/(2*J7))))+IF(colas=2,NORMSDIST((-K7*(1-1/(4*J7))-(Q7+(0.001*Q7))*SQRT(I7))/SQRT(1+K7^2/(2*J7))),0))-((1-NORMSDIST((K7*(1-1/(4*J7))-(Q7-(0.001*Q7))*SQRT(I7))/SQRT(1+K7^2/(2*J7))))+IF(colas=2,NORMSDIST((-K7*(1-1/(4*J7))-(Q7-(0.001*Q7))*SQRT(I7))/SQRT(1+K7^2/(2*J7))),0)))/(2*(0.001*Q7))),Q7) -> 2.5091767 | S7: =R7 -> 2.5091767
A8: n con que se estimó esa S | E8: =IF(ISNUMBER(E6),INDEX(B5:D5,MATCH(E6,B6:D6,0)),"") -> 4 | I8: 5 | J8: =I8-1 -> 4 | K8: =IF(colas=2,TINV(alfa,J8),TINV(2*alfa,J8)) -> 2.7764451 | L8: =IF(ISNUMBER($E$19),$E$19*SQRT(I8),"") -> 0.28378058 | M8: =IF(ISNUMBER($E$19),((1-NORMSDIST((K8*(1-1/(4*J8))-($E$19)*SQRT(I8))/SQRT(1+K8^2/(2*J8))))+IF(colas=2,NORMSDIST((-K8*(1-1/(4*J8))-($E$19)*SQRT(I8))/SQRT(1+K8^2/(2*J8))),0)),"") -> 0.068657792 | N8: =IF(ISNUMBER(M8),IF(M8>=potencia,I8,""),"") | O8: =(K8+TINV(2*(1-potencia),J8))/SQRT(I8) -> 1.9273347 | P8: =IFERROR(O8-(((1-NORMSDIST((K8*(1-1/(4*J8))-(O8)*SQRT(I8))/SQRT(1+K8^2/(2*J8))))+IF(colas=2,NORMSDIST((-K8*(1-1/(4*J8))-(O8)*SQRT(I8))/SQRT(1+K8^2/(2*J8))),0))-potencia)/((((1-NORMSDIST((K8*(1-1/(4*J8))-(O8+(0.001*O8))*SQRT(I8))/SQRT(1+K8^2/(2*J8))))+IF(colas=2,NORMSDIST((-K8*(1-1/(4*J8))-(O8+(0.001*O8))*SQRT(I8))/SQRT(1+K8^2/(2*J8))),0))-((1-NORMSDIST((K8*(1-1/(4*J8))-(O8-(0.001*O8))*SQRT(I8))/SQRT(1+K8^2/(2*J8))))+IF(colas=2,NORMSDIST((-K8*(1-1/(4*J8))-(O8-(0.001*O8))*SQRT(I8))/SQRT(1+K8^2/(2*J8))),0)))/(2*(0.001*O8))),O8) -> 1.9656415 | Q8: =IFERROR(P8-(((1-NORMSDIST((K8*(1-1/(4*J8))-(P8)*SQRT(I8))/SQRT(1+K8^2/(2*J8))))+IF(colas=2,NORMSDIST((-K8*(1-1/(4*J8))-(P8)*SQRT(I8))/SQRT(1+K8^2/(2*J8))),0))-potencia)/((((1-NORMSDIST((K8*(1-1/(4*J8))-(P8+(0.001*P8))*SQRT(I8))/SQRT(1+K8^2/(2*J8))))+IF(colas=2,NORMSDIST((-K8*(1-1/(4*J8))-(P8+(0.001*P8))*SQRT(I8))/SQRT(1+K8^2/(2*J8))),0))-((1-NORMSDIST((K8*(1-1/(4*J8))-(P8-(0.001*P8))*SQRT(I8))/SQRT(1+K8^2/(2*J8))))+IF(colas=2,NORMSDIST((-K8*(1-1/(4*J8))-(P8-(0.001*P8))*SQRT(I8))/SQRT(1+K8^2/(2*J8))),0)))/(2*(0.001*P8))),P8) -> 1.9671674 | R8: =IFERROR(Q8-(((1-NORMSDIST((K8*(1-1/(4*J8))-(Q8)*SQRT(I8))/SQRT(1+K8^2/(2*J8))))+IF(colas=2,NORMSDIST((-K8*(1-1/(4*J8))-(Q8)*SQRT(I8))/SQRT(1+K8^2/(2*J8))),0))-potencia)/((((1-NORMSDIST((K8*(1-1/(4*J8))-(Q8+(0.001*Q8))*SQRT(I8))/SQRT(1+K8^2/(2*J8))))+IF(colas=2,NORMSDIST((-K8*(1-1/(4*J8))-(Q8+(0.001*Q8))*SQRT(I8))/SQRT(1+K8^2/(2*J8))),0))-((1-NORMSDIST((K8*(1-1/(4*J8))-(Q8-(0.001*Q8))*SQRT(I8))/SQRT(1+K8^2/(2*J8))))+IF(colas=2,NORMSDIST((-K8*(1-1/(4*J8))-(Q8-(0.001*Q8))*SQRT(I8))/SQRT(1+K8^2/(2*J8))),0)))/(2*(0.001*Q8))),Q8) -> 1.9671698 | S8: =R8 -> 1.9671698
A9: Factor del límite superior: √[(n − 1)/χ²(1 − conf; n − 1)] | E9: =IF(AND(ISNUMBER(E8),E8>=2),SQRT((E8-1)/CHIINV(conf_sigma,E8-1)),"") -> 1.7275873 | G9: Con n = 5 y conf = 0,80 el factor es 1,557 (el «1,56» del protocolo). | I9: 6 | J9: =I9-1 -> 5 | K9: =IF(colas=2,TINV(alfa,J9),TINV(2*alfa,J9)) -> 2.5705818 | L9: =IF(ISNUMBER($E$19),$E$19*SQRT(I9),"") -> 0.31086605 | M9: =IF(ISNUMBER($E$19),((1-NORMSDIST((K9*(1-1/(4*J9))-($E$19)*SQRT(I9))/SQRT(1+K9^2/(2*J9))))+IF(colas=2,NORMSDIST((-K9*(1-1/(4*J9))-($E$19)*SQRT(I9))/SQRT(1+K9^2/(2*J9))),0)),"") -> 0.065424039 | N9: =IF(ISNUMBER(M9),IF(M9>=potencia,I9,""),"") | O9: =(K9+TINV(2*(1-potencia),J9))/SQRT(I9) -> 1.6519628 | P9: =IFERROR(O9-(((1-NORMSDIST((K9*(1-1/(4*J9))-(O9)*SQRT(I9))/SQRT(1+K9^2/(2*J9))))+IF(colas=2,NORMSDIST((-K9*(1-1/(4*J9))-(O9)*SQRT(I9))/SQRT(1+K9^2/(2*J9))),0))-potencia)/((((1-NORMSDIST((K9*(1-1/(4*J9))-(O9+(0.001*O9))*SQRT(I9))/SQRT(1+K9^2/(2*J9))))+IF(colas=2,NORMSDIST((-K9*(1-1/(4*J9))-(O9+(0.001*O9))*SQRT(I9))/SQRT(1+K9^2/(2*J9))),0))-((1-NORMSDIST((K9*(1-1/(4*J9))-(O9-(0.001*O9))*SQRT(I9))/SQRT(1+K9^2/(2*J9))))+IF(colas=2,NORMSDIST((-K9*(1-1/(4*J9))-(O9-(0.001*O9))*SQRT(I9))/SQRT(1+K9^2/(2*J9))),0)))/(2*(0.001*O9))),O9) -> 1.6707724 | Q9: =IFERROR(P9-(((1-NORMSDIST((K9*(1-1/(4*J9))-(P9)*SQRT(I9))/SQRT(1+K9^2/(2*J9))))+IF(colas=2,NORMSDIST((-K9*(1-1/(4*J9))-(P9)*SQRT(I9))/SQRT(1+K9^2/(2*J9))),0))-potencia)/((((1-NORMSDIST((K9*(1-1/(4*J9))-(P9+(0.001*P9))*SQRT(I9))/SQRT(1+K9^2/(2*J9))))+IF(colas=2,NORMSDIST((-K9*(1-1/(4*J9))-(P9+(0.001*P9))*SQRT(I9))/SQRT(1+K9^2/(2*J9))),0))-((1-NORMSDIST((K9*(1-1/(4*J9))-(P9-(0.001*P9))*SQRT(I9))/SQRT(1+K9^2/(2*J9))))+IF(colas=2,NORMSDIST((-K9*(1-1/(4*J9))-(P9-(0.001*P9))*SQRT(I9))/SQRT(1+K9^2/(2*J9))),0)))/(2*(0.001*P9))),P9) -> 1.671208 | R9: =IFERROR(Q9-(((1-NORMSDIST((K9*(1-1/(4*J9))-(Q9)*SQRT(I9))/SQRT(1+K9^2/(2*J9))))+IF(colas=2,NORMSDIST((-K9*(1-1/(4*J9))-(Q9)*SQRT(I9))/SQRT(1+K9^2/(2*J9))),0))-potencia)/((((1-NORMSDIST((K9*(1-1/(4*J9))-(Q9+(0.001*Q9))*SQRT(I9))/SQRT(1+K9^2/(2*J9))))+IF(colas=2,NORMSDIST((-K9*(1-1/(4*J9))-(Q9+(0.001*Q9))*SQRT(I9))/SQRT(1+K9^2/(2*J9))),0))-((1-NORMSDIST((K9*(1-1/(4*J9))-(Q9-(0.001*Q9))*SQRT(I9))/SQRT(1+K9^2/(2*J9))))+IF(colas=2,NORMSDIST((-K9*(1-1/(4*J9))-(Q9-(0.001*Q9))*SQRT(I9))/SQRT(1+K9^2/(2*J9))),0)))/(2*(0.001*Q9))),Q9) -> 1.6712082 | S9: =R9 -> 1.6712082
A10: σ para el diseño = factor × S mayor (fs) | E10: =IF(ISNUMBER(E9),E9*E6,"") -> 78.795665 | I10: 7 | J10: =I10-1 -> 6 | K10: =IF(colas=2,TINV(alfa,J10),TINV(2*alfa,J10)) -> 2.4469119 | L10: =IF(ISNUMBER($E$19),$E$19*SQRT(I10),"") -> 0.33577371 | M10: =IF(ISNUMBER($E$19),((1-NORMSDIST((K10*(1-1/(4*J10))-($E$19)*SQRT(I10))/SQRT(1+K10^2/(2*J10))))+IF(colas=2,NORMSDIST((-K10*(1-1/(4*J10))-($E$19)*SQRT(I10))/SQRT(1+K10^2/(2*J10))),0)),"") -> 0.064669281 | N10: =IF(ISNUMBER(M10),IF(M10>=potencia,I10,""),"") | O10: =(K10+TINV(2*(1-potencia),J10))/SQRT(I10) -> 1.4690223 | P10: =IFERROR(O10-(((1-NORMSDIST((K10*(1-1/(4*J10))-(O10)*SQRT(I10))/SQRT(1+K10^2/(2*J10))))+IF(colas=2,NORMSDIST((-K10*(1-1/(4*J10))-(O10)*SQRT(I10))/SQRT(1+K10^2/(2*J10))),0))-potencia)/((((1-NORMSDIST((K10*(1-1/(4*J10))-(O10+(0.001*O10))*SQRT(I10))/SQRT(1+K10^2/(2*J10))))+IF(colas=2,NORMSDIST((-K10*(1-1/(4*J10))-(O10+(0.001*O10))*SQRT(I10))/SQRT(1+K10^2/(2*J10))),0))-((1-NORMSDIST((K10*(1-1/(4*J10))-(O10-(0.001*O10))*SQRT(I10))/SQRT(1+K10^2/(2*J10))))+IF(colas=2,NORMSDIST((-K10*(1-1/(4*J10))-(O10-(0.001*O10))*SQRT(I10))/SQRT(1+K10^2/(2*J10))),0)))/(2*(0.001*O10))),O10) -> 1.4792007 | Q10: =IFERROR(P10-(((1-NORMSDIST((K10*(1-1/(4*J10))-(P10)*SQRT(I10))/SQRT(1+K10^2/(2*J10))))+IF(colas=2,NORMSDIST((-K10*(1-1/(4*J10))-(P10)*SQRT(I10))/SQRT(1+K10^2/(2*J10))),0))-potencia)/((((1-NORMSDIST((K10*(1-1/(4*J10))-(P10+(0.001*P10))*SQRT(I10))/SQRT(1+K10^2/(2*J10))))+IF(colas=2,NORMSDIST((-K10*(1-1/(4*J10))-(P10+(0.001*P10))*SQRT(I10))/SQRT(1+K10^2/(2*J10))),0))-((1-NORMSDIST((K10*(1-1/(4*J10))-(P10-(0.001*P10))*SQRT(I10))/SQRT(1+K10^2/(2*J10))))+IF(colas=2,NORMSDIST((-K10*(1-1/(4*J10))-(P10-(0.001*P10))*SQRT(I10))/SQRT(1+K10^2/(2*J10))),0)))/(2*(0.001*P10))),P10) -> 1.4793451 | R10: =IFERROR(Q10-(((1-NORMSDIST((K10*(1-1/(4*J10))-(Q10)*SQRT(I10))/SQRT(1+K10^2/(2*J10))))+IF(colas=2,NORMSDIST((-K10*(1-1/(4*J10))-(Q10)*SQRT(I10))/SQRT(1+K10^2/(2*J10))),0))-potencia)/((((1-NORMSDIST((K10*(1-1/(4*J10))-(Q10+(0.001*Q10))*SQRT(I10))/SQRT(1+K10^2/(2*J10))))+IF(colas=2,NORMSDIST((-K10*(1-1/(4*J10))-(Q10+(0.001*Q10))*SQRT(I10))/SQRT(1+K10^2/(2*J10))),0))-((1-NORMSDIST((K10*(1-1/(4*J10))-(Q10-(0.001*Q10))*SQRT(I10))/SQRT(1+K10^2/(2*J10))))+IF(colas=2,NORMSDIST((-K10*(1-1/(4*J10))-(Q10-(0.001*Q10))*SQRT(I10))/SQRT(1+K10^2/(2*J10))),0)))/(2*(0.001*Q10))),Q10) -> 1.4793451 | S10: =R10 -> 1.4793451
I11: 8 | J11: =I11-1 -> 7 | K11: =IF(colas=2,TINV(alfa,J11),TINV(2*alfa,J11)) -> 2.3646243 | L11: =IF(ISNUMBER($E$19),$E$19*SQRT(I11),"") -> 0.3589572 | M11: =IF(ISNUMBER($E$19),((1-NORMSDIST((K11*(1-1/(4*J11))-($E$19)*SQRT(I11))/SQRT(1+K11^2/(2*J11))))+IF(colas=2,NORMSDIST((-K11*(1-1/(4*J11))-($E$19)*SQRT(I11))/SQRT(1+K11^2/(2*J11))),0)),"") -> 0.065021455 | N11: =IF(ISNUMBER(M11),IF(M11>=potencia,I11,""),"") | O11: =(K11+TINV(2*(1-potencia),J11))/SQRT(I11) -> 1.3362721 | P11: =IFERROR(O11-(((1-NORMSDIST((K11*(1-1/(4*J11))-(O11)*SQRT(I11))/SQRT(1+K11^2/(2*J11))))+IF(colas=2,NORMSDIST((-K11*(1-1/(4*J11))-(O11)*SQRT(I11))/SQRT(1+K11^2/(2*J11))),0))-potencia)/((((1-NORMSDIST((K11*(1-1/(4*J11))-(O11+(0.001*O11))*SQRT(I11))/SQRT(1+K11^2/(2*J11))))+IF(colas=2,NORMSDIST((-K11*(1-1/(4*J11))-(O11+(0.001*O11))*SQRT(I11))/SQRT(1+K11^2/(2*J11))),0))-((1-NORMSDIST((K11*(1-1/(4*J11))-(O11-(0.001*O11))*SQRT(I11))/SQRT(1+K11^2/(2*J11))))+IF(colas=2,NORMSDIST((-K11*(1-1/(4*J11))-(O11-(0.001*O11))*SQRT(I11))/SQRT(1+K11^2/(2*J11))),0)))/(2*(0.001*O11))),O11) -> 1.3421048 | Q11: =IFERROR(P11-(((1-NORMSDIST((K11*(1-1/(4*J11))-(P11)*SQRT(I11))/SQRT(1+K11^2/(2*J11))))+IF(colas=2,NORMSDIST((-K11*(1-1/(4*J11))-(P11)*SQRT(I11))/SQRT(1+K11^2/(2*J11))),0))-potencia)/((((1-NORMSDIST((K11*(1-1/(4*J11))-(P11+(0.001*P11))*SQRT(I11))/SQRT(1+K11^2/(2*J11))))+IF(colas=2,NORMSDIST((-K11*(1-1/(4*J11))-(P11+(0.001*P11))*SQRT(I11))/SQRT(1+K11^2/(2*J11))),0))-((1-NORMSDIST((K11*(1-1/(4*J11))-(P11-(0.001*P11))*SQRT(I11))/SQRT(1+K11^2/(2*J11))))+IF(colas=2,NORMSDIST((-K11*(1-1/(4*J11))-(P11-(0.001*P11))*SQRT(I11))/SQRT(1+K11^2/(2*J11))),0)))/(2*(0.001*P11))),P11) -> 1.3421572 | R11: =IFERROR(Q11-(((1-NORMSDIST((K11*(1-1/(4*J11))-(Q11)*SQRT(I11))/SQRT(1+K11^2/(2*J11))))+IF(colas=2,NORMSDIST((-K11*(1-1/(4*J11))-(Q11)*SQRT(I11))/SQRT(1+K11^2/(2*J11))),0))-potencia)/((((1-NORMSDIST((K11*(1-1/(4*J11))-(Q11+(0.001*Q11))*SQRT(I11))/SQRT(1+K11^2/(2*J11))))+IF(colas=2,NORMSDIST((-K11*(1-1/(4*J11))-(Q11+(0.001*Q11))*SQRT(I11))/SQRT(1+K11^2/(2*J11))),0))-((1-NORMSDIST((K11*(1-1/(4*J11))-(Q11-(0.001*Q11))*SQRT(I11))/SQRT(1+K11^2/(2*J11))))+IF(colas=2,NORMSDIST((-K11*(1-1/(4*J11))-(Q11-(0.001*Q11))*SQRT(I11))/SQRT(1+K11^2/(2*J11))),0)))/(2*(0.001*Q11))),Q11) -> 1.3421572 | S11: =R11 -> 1.3421572
A12: Paso 2 · δ que importa detectar | B12: I1 | C12: I2 | D12: I3 | E12: Usado | I12: 9 | J12: =I12-1 -> 8 | K12: =IF(colas=2,TINV(alfa,J12),TINV(2*alfa,J12)) -> 2.3060041 | L12: =IF(ISNUMBER($E$19),$E$19*SQRT(I12),"") -> 0.3807316 | M12: =IF(ISNUMBER($E$19),((1-NORMSDIST((K12*(1-1/(4*J12))-($E$19)*SQRT(I12))/SQRT(1+K12^2/(2*J12))))+IF(colas=2,NORMSDIST((-K12*(1-1/(4*J12))-($E$19)*SQRT(I12))/SQRT(1+K12^2/(2*J12))),0)),"") -> 0.065940071 | N12: =IF(ISNUMBER(M12),IF(M12>=potencia,I12,""),"") | O12: =(K12+TINV(2*(1-potencia),J12))/SQRT(I12) -> 1.2342731 | P12: =IFERROR(O12-(((1-NORMSDIST((K12*(1-1/(4*J12))-(O12)*SQRT(I12))/SQRT(1+K12^2/(2*J12))))+IF(colas=2,NORMSDIST((-K12*(1-1/(4*J12))-(O12)*SQRT(I12))/SQRT(1+K12^2/(2*J12))),0))-potencia)/((((1-NORMSDIST((K12*(1-1/(4*J12))-(O12+(0.001*O12))*SQRT(I12))/SQRT(1+K12^2/(2*J12))))+IF(colas=2,NORMSDIST((-K12*(1-1/(4*J12))-(O12+(0.001*O12))*SQRT(I12))/SQRT(1+K12^2/(2*J12))),0))-((1-NORMSDIST((K12*(1-1/(4*J12))-(O12-(0.001*O12))*SQRT(I12))/SQRT(1+K12^2/(2*J12))))+IF(colas=2,NORMSDIST((-K12*(1-1/(4*J12))-(O12-(0.001*O12))*SQRT(I12))/SQRT(1+K12^2/(2*J12))),0)))/(2*(0.001*O12))),O12) -> 1.2377152 | Q12: =IFERROR(P12-(((1-NORMSDIST((K12*(1-1/(4*J12))-(P12)*SQRT(I12))/SQRT(1+K12^2/(2*J12))))+IF(colas=2,NORMSDIST((-K12*(1-1/(4*J12))-(P12)*SQRT(I12))/SQRT(1+K12^2/(2*J12))),0))-potencia)/((((1-NORMSDIST((K12*(1-1/(4*J12))-(P12+(0.001*P12))*SQRT(I12))/SQRT(1+K12^2/(2*J12))))+IF(colas=2,NORMSDIST((-K12*(1-1/(4*J12))-(P12+(0.001*P12))*SQRT(I12))/SQRT(1+K12^2/(2*J12))),0))-((1-NORMSDIST((K12*(1-1/(4*J12))-(P12-(0.001*P12))*SQRT(I12))/SQRT(1+K12^2/(2*J12))))+IF(colas=2,NORMSDIST((-K12*(1-1/(4*J12))-(P12-(0.001*P12))*SQRT(I12))/SQRT(1+K12^2/(2*J12))),0)))/(2*(0.001*P12))),P12) -> 1.237735 | R12: =IFERROR(Q12-(((1-NORMSDIST((K12*(1-1/(4*J12))-(Q12)*SQRT(I12))/SQRT(1+K12^2/(2*J12))))+IF(colas=2,NORMSDIST((-K12*(1-1/(4*J12))-(Q12)*SQRT(I12))/SQRT(1+K12^2/(2*J12))),0))-potencia)/((((1-NORMSDIST((K12*(1-1/(4*J12))-(Q12+(0.001*Q12))*SQRT(I12))/SQRT(1+K12^2/(2*J12))))+IF(colas=2,NORMSDIST((-K12*(1-1/(4*J12))-(Q12+(0.001*Q12))*SQRT(I12))/SQRT(1+K12^2/(2*J12))),0))-((1-NORMSDIST((K12*(1-1/(4*J12))-(Q12-(0.001*Q12))*SQRT(I12))/SQRT(1+K12^2/(2*J12))))+IF(colas=2,NORMSDIST((-K12*(1-1/(4*J12))-(Q12-(0.001*Q12))*SQRT(I12))/SQRT(1+K12^2/(2*J12))),0)))/(2*(0.001*Q12))),Q12) -> 1.237735 | S12: =R12 -> 1.237735
A13: Regla que aplica (primer dato del fabricante que exista) | B13: =IF(ISNUMBER(tol_1),"1 · tolerancia",IF(AND(ISNUMBER(tau0_1),ISNUMBER(taumax_1),taumax_1>tau0_1),"2 · τmáx − τ0",IF(ISNUMBER(banda_1),"3 · banda",IF(AND(ISNUMBER(estab_1),ISNUMBER(tau0_1)),"4 · estabilidad","5 · por defecto")))) -> 5 · por defecto | C13: =IF(ISNUMBER(tol_2),"1 · tolerancia",IF(AND(ISNUMBER(tau0_2),ISNUMBER(taumax_2),taumax_2>tau0_2),"2 · τmáx − τ0",IF(ISNUMBER(banda_2),"3 · banda",IF(AND(ISNUMBER(estab_2),ISNUMBER(tau0_2)),"4 · estabilidad","5 · por defecto")))) -> 5 · por defecto | D13: =IF(ISNUMBER(tol_3),"1 · tolerancia",IF(AND(ISNUMBER(tau0_3),ISNUMBER(taumax_3),taumax_3>tau0_3),"2 · τmáx − τ0",IF(ISNUMBER(banda_3),"3 · banda",IF(AND(ISNUMBER(estab_3),ISNUMBER(tau0_3)),"4 · estabilidad","5 · por defecto")))) -> 2 · τmáx − τ0 | I13: 10 | J13: =I13-1 -> 9 | K13: =IF(colas=2,TINV(alfa,J13),TINV(2*alfa,J13)) -> 2.2621572 | L13: =IF(ISNUMBER($E$19),$E$19*SQRT(I13),"") -> 0.40132635 | M13: =IF(ISNUMBER($E$19),((1-NORMSDIST((K13*(1-1/(4*J13))-($E$19)*SQRT(I13))/SQRT(1+K13^2/(2*J13))))+IF(colas=2,NORMSDIST((-K13*(1-1/(4*J13))-($E$19)*SQRT(I13))/SQRT(1+K13^2/(2*J13))),0)),"") -> 0.067178459 | N13: =IF(ISNUMBER(M13),IF(M13>=potencia,I13,""),"") | O13: =(K13+TINV(2*(1-potencia),J13))/SQRT(I13) -> 1.152709 | P13: =IFERROR(O13-(((1-NORMSDIST((K13*(1-1/(4*J13))-(O13)*SQRT(I13))/SQRT(1+K13^2/(2*J13))))+IF(colas=2,NORMSDIST((-K13*(1-1/(4*J13))-(O13)*SQRT(I13))/SQRT(1+K13^2/(2*J13))),0))-potencia)/((((1-NORMSDIST((K13*(1-1/(4*J13))-(O13+(0.001*O13))*SQRT(I13))/SQRT(1+K13^2/(2*J13))))+IF(colas=2,NORMSDIST((-K13*(1-1/(4*J13))-(O13+(0.001*O13))*SQRT(I13))/SQRT(1+K13^2/(2*J13))),0))-((1-NORMSDIST((K13*(1-1/(4*J13))-(O13-(0.001*O13))*SQRT(I13))/SQRT(1+K13^2/(2*J13))))+IF(colas=2,NORMSDIST((-K13*(1-1/(4*J13))-(O13-(0.001*O13))*SQRT(I13))/SQRT(1+K13^2/(2*J13))),0)))/(2*(0.001*O13))),O13) -> 1.154749 | Q13: =IFERROR(P13-(((1-NORMSDIST((K13*(1-1/(4*J13))-(P13)*SQRT(I13))/SQRT(1+K13^2/(2*J13))))+IF(colas=2,NORMSDIST((-K13*(1-1/(4*J13))-(P13)*SQRT(I13))/SQRT(1+K13^2/(2*J13))),0))-potencia)/((((1-NORMSDIST((K13*(1-1/(4*J13))-(P13+(0.001*P13))*SQRT(I13))/SQRT(1+K13^2/(2*J13))))+IF(colas=2,NORMSDIST((-K13*(1-1/(4*J13))-(P13+(0.001*P13))*SQRT(I13))/SQRT(1+K13^2/(2*J13))),0))-((1-NORMSDIST((K13*(1-1/(4*J13))-(P13-(0.001*P13))*SQRT(I13))/SQRT(1+K13^2/(2*J13))))+IF(colas=2,NORMSDIST((-K13*(1-1/(4*J13))-(P13-(0.001*P13))*SQRT(I13))/SQRT(1+K13^2/(2*J13))),0)))/(2*(0.001*P13))),P13) -> 1.1547565 | R13: =IFERROR(Q13-(((1-NORMSDIST((K13*(1-1/(4*J13))-(Q13)*SQRT(I13))/SQRT(1+K13^2/(2*J13))))+IF(colas=2,NORMSDIST((-K13*(1-1/(4*J13))-(Q13)*SQRT(I13))/SQRT(1+K13^2/(2*J13))),0))-potencia)/((((1-NORMSDIST((K13*(1-1/(4*J13))-(Q13+(0.001*Q13))*SQRT(I13))/SQRT(1+K13^2/(2*J13))))+IF(colas=2,NORMSDIST((-K13*(1-1/(4*J13))-(Q13+(0.001*Q13))*SQRT(I13))/SQRT(1+K13^2/(2*J13))),0))-((1-NORMSDIST((K13*(1-1/(4*J13))-(Q13-(0.001*Q13))*SQRT(I13))/SQRT(1+K13^2/(2*J13))))+IF(colas=2,NORMSDIST((-K13*(1-1/(4*J13))-(Q13-(0.001*Q13))*SQRT(I13))/SQRT(1+K13^2/(2*J13))),0)))/(2*(0.001*Q13))),Q13) -> 1.1547565 | S13: =R13 -> 1.1547565
A14: δ según la regla (fs) | B14: =IF(ISNUMBER(tol_1),tol_1,IF(AND(ISNUMBER(tau0_1),ISNUMBER(taumax_1),taumax_1>tau0_1),taumax_1-tau0_1,IF(ISNUMBER(banda_1),banda_1,IF(AND(ISNUMBER(estab_1),ISNUMBER(tau0_1)),3*estab_1/100*tau0_1,delta_def)))) -> 10 | C14: =IF(ISNUMBER(tol_2),tol_2,IF(AND(ISNUMBER(tau0_2),ISNUMBER(taumax_2),taumax_2>tau0_2),taumax_2-tau0_2,IF(ISNUMBER(banda_2),banda_2,IF(AND(ISNUMBER(estab_2),ISNUMBER(tau0_2)),3*estab_2/100*tau0_2,delta_def)))) -> 10 | D14: =IF(ISNUMBER(tol_3),tol_3,IF(AND(ISNUMBER(tau0_3),ISNUMBER(taumax_3),taumax_3>tau0_3),taumax_3-tau0_3,IF(ISNUMBER(banda_3),banda_3,IF(AND(ISNUMBER(estab_3),ISNUMBER(tau0_3)),3*estab_3/100*tau0_3,delta_def)))) -> 26 | I14: 11 | J14: =I14-1 -> 10 | K14: =IF(colas=2,TINV(alfa,J14),TINV(2*alfa,J14)) -> 2.2281389 | L14: =IF(ISNUMBER($E$19),$E$19*SQRT(I14),"") -> 0.42091463 | M14: =IF(ISNUMBER($E$19),((1-NORMSDIST((K14*(1-1/(4*J14))-($E$19)*SQRT(I14))/SQRT(1+K14^2/(2*J14))))+IF(colas=2,NORMSDIST((-K14*(1-1/(4*J14))-($E$19)*SQRT(I14))/SQRT(1+K14^2/(2*J14))),0)),"") -> 0.068611322 | N14: =IF(ISNUMBER(M14),IF(M14>=potencia,I14,""),"") | O14: =(K14+TINV(2*(1-potencia),J14))/SQRT(I14) -> 1.0855381 | P14: =IFERROR(O14-(((1-NORMSDIST((K14*(1-1/(4*J14))-(O14)*SQRT(I14))/SQRT(1+K14^2/(2*J14))))+IF(colas=2,NORMSDIST((-K14*(1-1/(4*J14))-(O14)*SQRT(I14))/SQRT(1+K14^2/(2*J14))),0))-potencia)/((((1-NORMSDIST((K14*(1-1/(4*J14))-(O14+(0.001*O14))*SQRT(I14))/SQRT(1+K14^2/(2*J14))))+IF(colas=2,NORMSDIST((-K14*(1-1/(4*J14))-(O14+(0.001*O14))*SQRT(I14))/SQRT(1+K14^2/(2*J14))),0))-((1-NORMSDIST((K14*(1-1/(4*J14))-(O14-(0.001*O14))*SQRT(I14))/SQRT(1+K14^2/(2*J14))))+IF(colas=2,NORMSDIST((-K14*(1-1/(4*J14))-(O14-(0.001*O14))*SQRT(I14))/SQRT(1+K14^2/(2*J14))),0)))/(2*(0.001*O14))),O14) -> 1.086716 | Q14: =IFERROR(P14-(((1-NORMSDIST((K14*(1-1/(4*J14))-(P14)*SQRT(I14))/SQRT(1+K14^2/(2*J14))))+IF(colas=2,NORMSDIST((-K14*(1-1/(4*J14))-(P14)*SQRT(I14))/SQRT(1+K14^2/(2*J14))),0))-potencia)/((((1-NORMSDIST((K14*(1-1/(4*J14))-(P14+(0.001*P14))*SQRT(I14))/SQRT(1+K14^2/(2*J14))))+IF(colas=2,NORMSDIST((-K14*(1-1/(4*J14))-(P14+(0.001*P14))*SQRT(I14))/SQRT(1+K14^2/(2*J14))),0))-((1-NORMSDIST((K14*(1-1/(4*J14))-(P14-(0.001*P14))*SQRT(I14))/SQRT(1+K14^2/(2*J14))))+IF(colas=2,NORMSDIST((-K14*(1-1/(4*J14))-(P14-(0.001*P14))*SQRT(I14))/SQRT(1+K14^2/(2*J14))),0)))/(2*(0.001*P14))),P14) -> 1.0867187 | R14: =IFERROR(Q14-(((1-NORMSDIST((K14*(1-1/(4*J14))-(Q14)*SQRT(I14))/SQRT(1+K14^2/(2*J14))))+IF(colas=2,NORMSDIST((-K14*(1-1/(4*J14))-(Q14)*SQRT(I14))/SQRT(1+K14^2/(2*J14))),0))-potencia)/((((1-NORMSDIST((K14*(1-1/(4*J14))-(Q14+(0.001*Q14))*SQRT(I14))/SQRT(1+K14^2/(2*J14))))+IF(colas=2,NORMSDIST((-K14*(1-1/(4*J14))-(Q14+(0.001*Q14))*SQRT(I14))/SQRT(1+K14^2/(2*J14))),0))-((1-NORMSDIST((K14*(1-1/(4*J14))-(Q14-(0.001*Q14))*SQRT(I14))/SQRT(1+K14^2/(2*J14))))+IF(colas=2,NORMSDIST((-K14*(1-1/(4*J14))-(Q14-(0.001*Q14))*SQRT(I14))/SQRT(1+K14^2/(2*J14))),0)))/(2*(0.001*Q14))),Q14) -> 1.0867187 | S14: =R14 -> 1.0867187
A15: δ con el piso 2u (fs) | B15: =IF(ISNUMBER(incert_1),MAX(B14,2*incert_1),B14) -> 10 | C15: =IF(ISNUMBER(incert_2),MAX(C14,2*incert_2),C14) -> 10 | D15: =IF(ISNUMBER(incert_3),MAX(D14,2*incert_3),D14) -> 26 | E15: =MIN(B15:D15) -> 10 | G15: Si δ cambia por corriente, se usa la menor (la que exige más réplicas). La regla 2 necesita τ0 medido; sin él cae a la 5 (10 fs). | I15: 12 | J15: =I15-1 -> 11 | K15: =IF(colas=2,TINV(alfa,J15),TINV(2*alfa,J15)) -> 2.2009852 | L15: =IF(ISNUMBER($E$19),$E$19*SQRT(I15),"") -> 0.43963099 | M15: =IF(ISNUMBER($E$19),((1-NORMSDIST((K15*(1-1/(4*J15))-($E$19)*SQRT(I15))/SQRT(1+K15^2/(2*J15))))+IF(colas=2,NORMSDIST((-K15*(1-1/(4*J15))-($E$19)*SQRT(I15))/SQRT(1+K15^2/(2*J15))),0)),"") -> 0.07016962 | N15: =IF(ISNUMBER(M15),IF(M15>=potencia,I15,""),"") | O15: =(K15+TINV(2*(1-potencia),J15))/SQRT(I15) -> 1.0289581 | P15: =IFERROR(O15-(((1-NORMSDIST((K15*(1-1/(4*J15))-(O15)*SQRT(I15))/SQRT(1+K15^2/(2*J15))))+IF(colas=2,NORMSDIST((-K15*(1-1/(4*J15))-(O15)*SQRT(I15))/SQRT(1+K15^2/(2*J15))),0))-potencia)/((((1-NORMSDIST((K15*(1-1/(4*J15))-(O15+(0.001*O15))*SQRT(I15))/SQRT(1+K15^2/(2*J15))))+IF(colas=2,NORMSDIST((-K15*(1-1/(4*J15))-(O15+(0.001*O15))*SQRT(I15))/SQRT(1+K15^2/(2*J15))),0))-((1-NORMSDIST((K15*(1-1/(4*J15))-(O15-(0.001*O15))*SQRT(I15))/SQRT(1+K15^2/(2*J15))))+IF(colas=2,NORMSDIST((-K15*(1-1/(4*J15))-(O15-(0.001*O15))*SQRT(I15))/SQRT(1+K15^2/(2*J15))),0)))/(2*(0.001*O15))),O15) -> 1.0295869 | Q15: =IFERROR(P15-(((1-NORMSDIST((K15*(1-1/(4*J15))-(P15)*SQRT(I15))/SQRT(1+K15^2/(2*J15))))+IF(colas=2,NORMSDIST((-K15*(1-1/(4*J15))-(P15)*SQRT(I15))/SQRT(1+K15^2/(2*J15))),0))-potencia)/((((1-NORMSDIST((K15*(1-1/(4*J15))-(P15+(0.001*P15))*SQRT(I15))/SQRT(1+K15^2/(2*J15))))+IF(colas=2,NORMSDIST((-K15*(1-1/(4*J15))-(P15+(0.001*P15))*SQRT(I15))/SQRT(1+K15^2/(2*J15))),0))-((1-NORMSDIST((K15*(1-1/(4*J15))-(P15-(0.001*P15))*SQRT(I15))/SQRT(1+K15^2/(2*J15))))+IF(colas=2,NORMSDIST((-K15*(1-1/(4*J15))-(P15-(0.001*P15))*SQRT(I15))/SQRT(1+K15^2/(2*J15))),0)))/(2*(0.001*P15))),P15) -> 1.0295877 | R15: =IFERROR(Q15-(((1-NORMSDIST((K15*(1-1/(4*J15))-(Q15)*SQRT(I15))/SQRT(1+K15^2/(2*J15))))+IF(colas=2,NORMSDIST((-K15*(1-1/(4*J15))-(Q15)*SQRT(I15))/SQRT(1+K15^2/(2*J15))),0))-potencia)/((((1-NORMSDIST((K15*(1-1/(4*J15))-(Q15+(0.001*Q15))*SQRT(I15))/SQRT(1+K15^2/(2*J15))))+IF(colas=2,NORMSDIST((-K15*(1-1/(4*J15))-(Q15+(0.001*Q15))*SQRT(I15))/SQRT(1+K15^2/(2*J15))),0))-((1-NORMSDIST((K15*(1-1/(4*J15))-(Q15-(0.001*Q15))*SQRT(I15))/SQRT(1+K15^2/(2*J15))))+IF(colas=2,NORMSDIST((-K15*(1-1/(4*J15))-(Q15-(0.001*Q15))*SQRT(I15))/SQRT(1+K15^2/(2*J15))),0)))/(2*(0.001*Q15))),Q15) -> 1.0295877 | S15: =R15 -> 1.0295877
I16: 13 | J16: =I16-1 -> 12 | K16: =IF(colas=2,TINV(alfa,J16),TINV(2*alfa,J16)) -> 2.1788128 | L16: =IF(ISNUMBER($E$19),$E$19*SQRT(I16),"") -> 0.45758244 | M16: =IF(ISNUMBER($E$19),((1-NORMSDIST((K16*(1-1/(4*J16))-($E$19)*SQRT(I16))/SQRT(1+K16^2/(2*J16))))+IF(colas=2,NORMSDIST((-K16*(1-1/(4*J16))-($E$19)*SQRT(I16))/SQRT(1+K16^2/(2*J16))),0)),"") -> 0.071812805 | N16: =IF(ISNUMBER(M16),IF(M16>=potencia,I16,""),"") | O16: =(K16+TINV(2*(1-potencia),J16))/SQRT(I16) -> 0.98044096 | P16: =IFERROR(O16-(((1-NORMSDIST((K16*(1-1/(4*J16))-(O16)*SQRT(I16))/SQRT(1+K16^2/(2*J16))))+IF(colas=2,NORMSDIST((-K16*(1-1/(4*J16))-(O16)*SQRT(I16))/SQRT(1+K16^2/(2*J16))),0))-potencia)/((((1-NORMSDIST((K16*(1-1/(4*J16))-(O16+(0.001*O16))*SQRT(I16))/SQRT(1+K16^2/(2*J16))))+IF(colas=2,NORMSDIST((-K16*(1-1/(4*J16))-(O16+(0.001*O16))*SQRT(I16))/SQRT(1+K16^2/(2*J16))),0))-((1-NORMSDIST((K16*(1-1/(4*J16))-(O16-(0.001*O16))*SQRT(I16))/SQRT(1+K16^2/(2*J16))))+IF(colas=2,NORMSDIST((-K16*(1-1/(4*J16))-(O16-(0.001*O16))*SQRT(I16))/SQRT(1+K16^2/(2*J16))),0)))/(2*(0.001*O16))),O16) -> 0.98071056 | Q16: =IFERROR(P16-(((1-NORMSDIST((K16*(1-1/(4*J16))-(P16)*SQRT(I16))/SQRT(1+K16^2/(2*J16))))+IF(colas=2,NORMSDIST((-K16*(1-1/(4*J16))-(P16)*SQRT(I16))/SQRT(1+K16^2/(2*J16))),0))-potencia)/((((1-NORMSDIST((K16*(1-1/(4*J16))-(P16+(0.001*P16))*SQRT(I16))/SQRT(1+K16^2/(2*J16))))+IF(colas=2,NORMSDIST((-K16*(1-1/(4*J16))-(P16+(0.001*P16))*SQRT(I16))/SQRT(1+K16^2/(2*J16))),0))-((1-NORMSDIST((K16*(1-1/(4*J16))-(P16-(0.001*P16))*SQRT(I16))/SQRT(1+K16^2/(2*J16))))+IF(colas=2,NORMSDIST((-K16*(1-1/(4*J16))-(P16-(0.001*P16))*SQRT(I16))/SQRT(1+K16^2/(2*J16))),0)))/(2*(0.001*P16))),P16) -> 0.98071071 | R16: =IFERROR(Q16-(((1-NORMSDIST((K16*(1-1/(4*J16))-(Q16)*SQRT(I16))/SQRT(1+K16^2/(2*J16))))+IF(colas=2,NORMSDIST((-K16*(1-1/(4*J16))-(Q16)*SQRT(I16))/SQRT(1+K16^2/(2*J16))),0))-potencia)/((((1-NORMSDIST((K16*(1-1/(4*J16))-(Q16+(0.001*Q16))*SQRT(I16))/SQRT(1+K16^2/(2*J16))))+IF(colas=2,NORMSDIST((-K16*(1-1/(4*J16))-(Q16+(0.001*Q16))*SQRT(I16))/SQRT(1+K16^2/(2*J16))),0))-((1-NORMSDIST((K16*(1-1/(4*J16))-(Q16-(0.001*Q16))*SQRT(I16))/SQRT(1+K16^2/(2*J16))))+IF(colas=2,NORMSDIST((-K16*(1-1/(4*J16))-(Q16-(0.001*Q16))*SQRT(I16))/SQRT(1+K16^2/(2*J16))),0)))/(2*(0.001*Q16))),Q16) -> 0.98071071 | S16: =R16 -> 0.98071071
A17: Paso 3 · Número de réplicas por corriente | E17: Valor | I17: 14 | J17: =I17-1 -> 13 | K17: =IF(colas=2,TINV(alfa,J17),TINV(2*alfa,J17)) -> 2.1603687 | L17: =IF(ISNUMBER($E$19),$E$19*SQRT(I17),"") -> 0.47485574 | M17: =IF(ISNUMBER($E$19),((1-NORMSDIST((K17*(1-1/(4*J17))-($E$19)*SQRT(I17))/SQRT(1+K17^2/(2*J17))))+IF(colas=2,NORMSDIST((-K17*(1-1/(4*J17))-($E$19)*SQRT(I17))/SQRT(1+K17^2/(2*J17))),0)),"") -> 0.073515801 | N17: =IF(ISNUMBER(M17),IF(M17>=potencia,I17,""),"") | O17: =(K17+TINV(2*(1-potencia),J17))/SQRT(I17) -> 0.93823127 | P17: =IFERROR(O17-(((1-NORMSDIST((K17*(1-1/(4*J17))-(O17)*SQRT(I17))/SQRT(1+K17^2/(2*J17))))+IF(colas=2,NORMSDIST((-K17*(1-1/(4*J17))-(O17)*SQRT(I17))/SQRT(1+K17^2/(2*J17))),0))-potencia)/((((1-NORMSDIST((K17*(1-1/(4*J17))-(O17+(0.001*O17))*SQRT(I17))/SQRT(1+K17^2/(2*J17))))+IF(colas=2,NORMSDIST((-K17*(1-1/(4*J17))-(O17+(0.001*O17))*SQRT(I17))/SQRT(1+K17^2/(2*J17))),0))-((1-NORMSDIST((K17*(1-1/(4*J17))-(O17-(0.001*O17))*SQRT(I17))/SQRT(1+K17^2/(2*J17))))+IF(colas=2,NORMSDIST((-K17*(1-1/(4*J17))-(O17-(0.001*O17))*SQRT(I17))/SQRT(1+K17^2/(2*J17))),0)))/(2*(0.001*O17))),O17) -> 0.93826152 | Q17: =IFERROR(P17-(((1-NORMSDIST((K17*(1-1/(4*J17))-(P17)*SQRT(I17))/SQRT(1+K17^2/(2*J17))))+IF(colas=2,NORMSDIST((-K17*(1-1/(4*J17))-(P17)*SQRT(I17))/SQRT(1+K17^2/(2*J17))),0))-potencia)/((((1-NORMSDIST((K17*(1-1/(4*J17))-(P17+(0.001*P17))*SQRT(I17))/SQRT(1+K17^2/(2*J17))))+IF(colas=2,NORMSDIST((-K17*(1-1/(4*J17))-(P17+(0.001*P17))*SQRT(I17))/SQRT(1+K17^2/(2*J17))),0))-((1-NORMSDIST((K17*(1-1/(4*J17))-(P17-(0.001*P17))*SQRT(I17))/SQRT(1+K17^2/(2*J17))))+IF(colas=2,NORMSDIST((-K17*(1-1/(4*J17))-(P17-(0.001*P17))*SQRT(I17))/SQRT(1+K17^2/(2*J17))),0)))/(2*(0.001*P17))),P17) -> 0.93826153 | R17: =IFERROR(Q17-(((1-NORMSDIST((K17*(1-1/(4*J17))-(Q17)*SQRT(I17))/SQRT(1+K17^2/(2*J17))))+IF(colas=2,NORMSDIST((-K17*(1-1/(4*J17))-(Q17)*SQRT(I17))/SQRT(1+K17^2/(2*J17))),0))-potencia)/((((1-NORMSDIST((K17*(1-1/(4*J17))-(Q17+(0.001*Q17))*SQRT(I17))/SQRT(1+K17^2/(2*J17))))+IF(colas=2,NORMSDIST((-K17*(1-1/(4*J17))-(Q17+(0.001*Q17))*SQRT(I17))/SQRT(1+K17^2/(2*J17))),0))-((1-NORMSDIST((K17*(1-1/(4*J17))-(Q17-(0.001*Q17))*SQRT(I17))/SQRT(1+K17^2/(2*J17))))+IF(colas=2,NORMSDIST((-K17*(1-1/(4*J17))-(Q17-(0.001*Q17))*SQRT(I17))/SQRT(1+K17^2/(2*J17))),0)))/(2*(0.001*Q17))),Q17) -> 0.93826153 | S17: =R17 -> 0.93826153
A18: α · potencia · colas | E18: =alfa&" · "&potencia&" · "&colas -> 0.05 · 0.9 · 2 | I18: 15 | J18: =I18-1 -> 14 | K18: =IF(colas=2,TINV(alfa,J18),TINV(2*alfa,J18)) -> 2.1447867 | L18: =IF(ISNUMBER($E$19),$E$19*SQRT(I18),"") -> 0.49152239 | M18: =IF(ISNUMBER($E$19),((1-NORMSDIST((K18*(1-1/(4*J18))-($E$19)*SQRT(I18))/SQRT(1+K18^2/(2*J18))))+IF(colas=2,NORMSDIST((-K18*(1-1/(4*J18))-($E$19)*SQRT(I18))/SQRT(1+K18^2/(2*J18))),0)),"") -> 0.075262424 | N18: =IF(ISNUMBER(M18),IF(M18>=potencia,I18,""),"") | O18: =(K18+TINV(2*(1-potencia),J18))/SQRT(I18) -> 0.90106689 | P18: =IFERROR(O18-(((1-NORMSDIST((K18*(1-1/(4*J18))-(O18)*SQRT(I18))/SQRT(1+K18^2/(2*J18))))+IF(colas=2,NORMSDIST((-K18*(1-1/(4*J18))-(O18)*SQRT(I18))/SQRT(1+K18^2/(2*J18))),0))-potencia)/((((1-NORMSDIST((K18*(1-1/(4*J18))-(O18+(0.001*O18))*SQRT(I18))/SQRT(1+K18^2/(2*J18))))+IF(colas=2,NORMSDIST((-K18*(1-1/(4*J18))-(O18+(0.001*O18))*SQRT(I18))/SQRT(1+K18^2/(2*J18))),0))-((1-NORMSDIST((K18*(1-1/(4*J18))-(O18-(0.001*O18))*SQRT(I18))/SQRT(1+K18^2/(2*J18))))+IF(colas=2,NORMSDIST((-K18*(1-1/(4*J18))-(O18-(0.001*O18))*SQRT(I18))/SQRT(1+K18^2/(2*J18))),0)))/(2*(0.001*O18))),O18) -> 0.90093575 | Q18: =IFERROR(P18-(((1-NORMSDIST((K18*(1-1/(4*J18))-(P18)*SQRT(I18))/SQRT(1+K18^2/(2*J18))))+IF(colas=2,NORMSDIST((-K18*(1-1/(4*J18))-(P18)*SQRT(I18))/SQRT(1+K18^2/(2*J18))),0))-potencia)/((((1-NORMSDIST((K18*(1-1/(4*J18))-(P18+(0.001*P18))*SQRT(I18))/SQRT(1+K18^2/(2*J18))))+IF(colas=2,NORMSDIST((-K18*(1-1/(4*J18))-(P18+(0.001*P18))*SQRT(I18))/SQRT(1+K18^2/(2*J18))),0))-((1-NORMSDIST((K18*(1-1/(4*J18))-(P18-(0.001*P18))*SQRT(I18))/SQRT(1+K18^2/(2*J18))))+IF(colas=2,NORMSDIST((-K18*(1-1/(4*J18))-(P18-(0.001*P18))*SQRT(I18))/SQRT(1+K18^2/(2*J18))),0)))/(2*(0.001*P18))),P18) -> 0.90093578 | R18: =IFERROR(Q18-(((1-NORMSDIST((K18*(1-1/(4*J18))-(Q18)*SQRT(I18))/SQRT(1+K18^2/(2*J18))))+IF(colas=2,NORMSDIST((-K18*(1-1/(4*J18))-(Q18)*SQRT(I18))/SQRT(1+K18^2/(2*J18))),0))-potencia)/((((1-NORMSDIST((K18*(1-1/(4*J18))-(Q18+(0.001*Q18))*SQRT(I18))/SQRT(1+K18^2/(2*J18))))+IF(colas=2,NORMSDIST((-K18*(1-1/(4*J18))-(Q18+(0.001*Q18))*SQRT(I18))/SQRT(1+K18^2/(2*J18))),0))-((1-NORMSDIST((K18*(1-1/(4*J18))-(Q18-(0.001*Q18))*SQRT(I18))/SQRT(1+K18^2/(2*J18))))+IF(colas=2,NORMSDIST((-K18*(1-1/(4*J18))-(Q18-(0.001*Q18))*SQRT(I18))/SQRT(1+K18^2/(2*J18))),0)))/(2*(0.001*Q18))),Q18) -> 0.90093578 | S18: =R18 -> 0.90093578
A19: d = δ/σ | E19: =IF(ISNUMBER(E10),E15/E10,"") -> 0.12691053 | I19: 16 | J19: =I19-1 -> 15 | K19: =IF(colas=2,TINV(alfa,J19),TINV(2*alfa,J19)) -> 2.1314495 | L19: =IF(ISNUMBER($E$19),$E$19*SQRT(I19),"") -> 0.50764214 | M19: =IF(ISNUMBER($E$19),((1-NORMSDIST((K19*(1-1/(4*J19))-($E$19)*SQRT(I19))/SQRT(1+K19^2/(2*J19))))+IF(colas=2,NORMSDIST((-K19*(1-1/(4*J19))-($E$19)*SQRT(I19))/SQRT(1+K19^2/(2*J19))),0)),"") -> 0.077041849 | N19: =IF(ISNUMBER(M19),IF(M19>=potencia,I19,""),"") | O19: =(K19+TINV(2*(1-potencia),J19))/SQRT(I19) -> 0.86801379 | P19: =IFERROR(O19-(((1-NORMSDIST((K19*(1-1/(4*J19))-(O19)*SQRT(I19))/SQRT(1+K19^2/(2*J19))))+IF(colas=2,NORMSDIST((-K19*(1-1/(4*J19))-(O19)*SQRT(I19))/SQRT(1+K19^2/(2*J19))),0))-potencia)/((((1-NORMSDIST((K19*(1-1/(4*J19))-(O19+(0.001*O19))*SQRT(I19))/SQRT(1+K19^2/(2*J19))))+IF(colas=2,NORMSDIST((-K19*(1-1/(4*J19))-(O19+(0.001*O19))*SQRT(I19))/SQRT(1+K19^2/(2*J19))),0))-((1-NORMSDIST((K19*(1-1/(4*J19))-(O19-(0.001*O19))*SQRT(I19))/SQRT(1+K19^2/(2*J19))))+IF(colas=2,NORMSDIST((-K19*(1-1/(4*J19))-(O19-(0.001*O19))*SQRT(I19))/SQRT(1+K19^2/(2*J19))),0)))/(2*(0.001*O19))),O19) -> 0.86777321 | Q19: =IFERROR(P19-(((1-NORMSDIST((K19*(1-1/(4*J19))-(P19)*SQRT(I19))/SQRT(1+K19^2/(2*J19))))+IF(colas=2,NORMSDIST((-K19*(1-1/(4*J19))-(P19)*SQRT(I19))/SQRT(1+K19^2/(2*J19))),0))-potencia)/((((1-NORMSDIST((K19*(1-1/(4*J19))-(P19+(0.001*P19))*SQRT(I19))/SQRT(1+K19^2/(2*J19))))+IF(colas=2,NORMSDIST((-K19*(1-1/(4*J19))-(P19+(0.001*P19))*SQRT(I19))/SQRT(1+K19^2/(2*J19))),0))-((1-NORMSDIST((K19*(1-1/(4*J19))-(P19-(0.001*P19))*SQRT(I19))/SQRT(1+K19^2/(2*J19))))+IF(colas=2,NORMSDIST((-K19*(1-1/(4*J19))-(P19-(0.001*P19))*SQRT(I19))/SQRT(1+K19^2/(2*J19))),0)))/(2*(0.001*P19))),P19) -> 0.86777335 | R19: =IFERROR(Q19-(((1-NORMSDIST((K19*(1-1/(4*J19))-(Q19)*SQRT(I19))/SQRT(1+K19^2/(2*J19))))+IF(colas=2,NORMSDIST((-K19*(1-1/(4*J19))-(Q19)*SQRT(I19))/SQRT(1+K19^2/(2*J19))),0))-potencia)/((((1-NORMSDIST((K19*(1-1/(4*J19))-(Q19+(0.001*Q19))*SQRT(I19))/SQRT(1+K19^2/(2*J19))))+IF(colas=2,NORMSDIST((-K19*(1-1/(4*J19))-(Q19+(0.001*Q19))*SQRT(I19))/SQRT(1+K19^2/(2*J19))),0))-((1-NORMSDIST((K19*(1-1/(4*J19))-(Q19-(0.001*Q19))*SQRT(I19))/SQRT(1+K19^2/(2*J19))))+IF(colas=2,NORMSDIST((-K19*(1-1/(4*J19))-(Q19-(0.001*Q19))*SQRT(I19))/SQRT(1+K19^2/(2*J19))),0)))/(2*(0.001*Q19))),Q19) -> 0.86777335 | S19: =R19 -> 0.86777335
A20: n necesario por corriente (curva OC, t de una muestra) | E20: =IF(ISNUMBER(E19),IF(COUNT($N$5:$N$103)=0,"> 100",MIN($N$5:$N$103)),"") -> > 100 | G20: Verificar en Minitab: Estadísticas › Potencia y tamaño de la muestra › t de 1 muestra, con Diferencia = δ, Desv. Est. = σ y Potencia = 0,90. | I20: 17 | J20: =I20-1 -> 16 | K20: =IF(colas=2,TINV(alfa,J20),TINV(2*alfa,J20)) -> 2.1199053 | L20: =IF(ISNUMBER($E$19),$E$19*SQRT(I20),"") -> 0.52326554 | M20: =IF(ISNUMBER($E$19),((1-NORMSDIST((K20*(1-1/(4*J20))-($E$19)*SQRT(I20))/SQRT(1+K20^2/(2*J20))))+IF(colas=2,NORMSDIST((-K20*(1-1/(4*J20))-($E$19)*SQRT(I20))/SQRT(1+K20^2/(2*J20))),0)),"") -> 0.078846609 | N20: =IF(ISNUMBER(M20),IF(M20>=potencia,I20,""),"") | O20: =(K20+TINV(2*(1-potencia),J20))/SQRT(I20) -> 0.83836379 | P20: =IFERROR(O20-(((1-NORMSDIST((K20*(1-1/(4*J20))-(O20)*SQRT(I20))/SQRT(1+K20^2/(2*J20))))+IF(colas=2,NORMSDIST((-K20*(1-1/(4*J20))-(O20)*SQRT(I20))/SQRT(1+K20^2/(2*J20))),0))-potencia)/((((1-NORMSDIST((K20*(1-1/(4*J20))-(O20+(0.001*O20))*SQRT(I20))/SQRT(1+K20^2/(2*J20))))+IF(colas=2,NORMSDIST((-K20*(1-1/(4*J20))-(O20+(0.001*O20))*SQRT(I20))/SQRT(1+K20^2/(2*J20))),0))-((1-NORMSDIST((K20*(1-1/(4*J20))-(O20-(0.001*O20))*SQRT(I20))/SQRT(1+K20^2/(2*J20))))+IF(colas=2,NORMSDIST((-K20*(1-1/(4*J20))-(O20-(0.001*O20))*SQRT(I20))/SQRT(1+K20^2/(2*J20))),0)))/(2*(0.001*O20))),O20) -> 0.83804918 | Q20: =IFERROR(P20-(((1-NORMSDIST((K20*(1-1/(4*J20))-(P20)*SQRT(I20))/SQRT(1+K20^2/(2*J20))))+IF(colas=2,NORMSDIST((-K20*(1-1/(4*J20))-(P20)*SQRT(I20))/SQRT(1+K20^2/(2*J20))),0))-potencia)/((((1-NORMSDIST((K20*(1-1/(4*J20))-(P20+(0.001*P20))*SQRT(I20))/SQRT(1+K20^2/(2*J20))))+IF(colas=2,NORMSDIST((-K20*(1-1/(4*J20))-(P20+(0.001*P20))*SQRT(I20))/SQRT(1+K20^2/(2*J20))),0))-((1-NORMSDIST((K20*(1-1/(4*J20))-(P20-(0.001*P20))*SQRT(I20))/SQRT(1+K20^2/(2*J20))))+IF(colas=2,NORMSDIST((-K20*(1-1/(4*J20))-(P20-(0.001*P20))*SQRT(I20))/SQRT(1+K20^2/(2*J20))),0)))/(2*(0.001*P20))),P20) -> 0.83804942 | R20: =IFERROR(Q20-(((1-NORMSDIST((K20*(1-1/(4*J20))-(Q20)*SQRT(I20))/SQRT(1+K20^2/(2*J20))))+IF(colas=2,NORMSDIST((-K20*(1-1/(4*J20))-(Q20)*SQRT(I20))/SQRT(1+K20^2/(2*J20))),0))-potencia)/((((1-NORMSDIST((K20*(1-1/(4*J20))-(Q20+(0.001*Q20))*SQRT(I20))/SQRT(1+K20^2/(2*J20))))+IF(colas=2,NORMSDIST((-K20*(1-1/(4*J20))-(Q20+(0.001*Q20))*SQRT(I20))/SQRT(1+K20^2/(2*J20))),0))-((1-NORMSDIST((K20*(1-1/(4*J20))-(Q20-(0.001*Q20))*SQRT(I20))/SQRT(1+K20^2/(2*J20))))+IF(colas=2,NORMSDIST((-K20*(1-1/(4*J20))-(Q20-(0.001*Q20))*SQRT(I20))/SQRT(1+K20^2/(2*J20))),0)))/(2*(0.001*Q20))),Q20) -> 0.83804942 | S20: =R20 -> 0.83804942
A21: Potencia que se logra con ese n | E21: =IF(ISNUMBER(E20),INDEX($M$5:$M$103,E20-1),"") | I21: 18 | J21: =I21-1 -> 17 | K21: =IF(colas=2,TINV(alfa,J21),TINV(2*alfa,J21)) -> 2.1098156 | L21: =IF(ISNUMBER($E$19),$E$19*SQRT(I21),"") -> 0.5384358 | M21: =IF(ISNUMBER($E$19),((1-NORMSDIST((K21*(1-1/(4*J21))-($E$19)*SQRT(I21))/SQRT(1+K21^2/(2*J21))))+IF(colas=2,NORMSDIST((-K21*(1-1/(4*J21))-($E$19)*SQRT(I21))/SQRT(1+K21^2/(2*J21))),0)),"") -> 0.080671415 | N21: =IF(ISNUMBER(M21),IF(M21>=potencia,I21,""),"") | O21: =(K21+TINV(2*(1-potencia),J21))/SQRT(I21) -> 0.81156884 | P21: =IFERROR(O21-(((1-NORMSDIST((K21*(1-1/(4*J21))-(O21)*SQRT(I21))/SQRT(1+K21^2/(2*J21))))+IF(colas=2,NORMSDIST((-K21*(1-1/(4*J21))-(O21)*SQRT(I21))/SQRT(1+K21^2/(2*J21))),0))-potencia)/((((1-NORMSDIST((K21*(1-1/(4*J21))-(O21+(0.001*O21))*SQRT(I21))/SQRT(1+K21^2/(2*J21))))+IF(colas=2,NORMSDIST((-K21*(1-1/(4*J21))-(O21+(0.001*O21))*SQRT(I21))/SQRT(1+K21^2/(2*J21))),0))-((1-NORMSDIST((K21*(1-1/(4*J21))-(O21-(0.001*O21))*SQRT(I21))/SQRT(1+K21^2/(2*J21))))+IF(colas=2,NORMSDIST((-K21*(1-1/(4*J21))-(O21-(0.001*O21))*SQRT(I21))/SQRT(1+K21^2/(2*J21))),0)))/(2*(0.001*O21))),O21) -> 0.81120469 | Q21: =IFERROR(P21-(((1-NORMSDIST((K21*(1-1/(4*J21))-(P21)*SQRT(I21))/SQRT(1+K21^2/(2*J21))))+IF(colas=2,NORMSDIST((-K21*(1-1/(4*J21))-(P21)*SQRT(I21))/SQRT(1+K21^2/(2*J21))),0))-potencia)/((((1-NORMSDIST((K21*(1-1/(4*J21))-(P21+(0.001*P21))*SQRT(I21))/SQRT(1+K21^2/(2*J21))))+IF(colas=2,NORMSDIST((-K21*(1-1/(4*J21))-(P21+(0.001*P21))*SQRT(I21))/SQRT(1+K21^2/(2*J21))),0))-((1-NORMSDIST((K21*(1-1/(4*J21))-(P21-(0.001*P21))*SQRT(I21))/SQRT(1+K21^2/(2*J21))))+IF(colas=2,NORMSDIST((-K21*(1-1/(4*J21))-(P21-(0.001*P21))*SQRT(I21))/SQRT(1+K21^2/(2*J21))),0)))/(2*(0.001*P21))),P21) -> 0.81120502 | R21: =IFERROR(Q21-(((1-NORMSDIST((K21*(1-1/(4*J21))-(Q21)*SQRT(I21))/SQRT(1+K21^2/(2*J21))))+IF(colas=2,NORMSDIST((-K21*(1-1/(4*J21))-(Q21)*SQRT(I21))/SQRT(1+K21^2/(2*J21))),0))-potencia)/((((1-NORMSDIST((K21*(1-1/(4*J21))-(Q21+(0.001*Q21))*SQRT(I21))/SQRT(1+K21^2/(2*J21))))+IF(colas=2,NORMSDIST((-K21*(1-1/(4*J21))-(Q21+(0.001*Q21))*SQRT(I21))/SQRT(1+K21^2/(2*J21))),0))-((1-NORMSDIST((K21*(1-1/(4*J21))-(Q21-(0.001*Q21))*SQRT(I21))/SQRT(1+K21^2/(2*J21))))+IF(colas=2,NORMSDIST((-K21*(1-1/(4*J21))-(Q21-(0.001*Q21))*SQRT(I21))/SQRT(1+K21^2/(2*J21))),0)))/(2*(0.001*Q21))),Q21) -> 0.81120502 | S21: =R21 -> 0.81120502
I22: 19 | J22: =I22-1 -> 18 | K22: =IF(colas=2,TINV(alfa,J22),TINV(2*alfa,J22)) -> 2.100922 | L22: =IF(ISNUMBER($E$19),$E$19*SQRT(I22),"") -> 0.5531902 | M22: =IF(ISNUMBER($E$19),((1-NORMSDIST((K22*(1-1/(4*J22))-($E$19)*SQRT(I22))/SQRT(1+K22^2/(2*J22))))+IF(colas=2,NORMSDIST((-K22*(1-1/(4*J22))-($E$19)*SQRT(I22))/SQRT(1+K22^2/(2*J22))),0)),"") -> 0.08251243 | N22: =IF(ISNUMBER(M22),IF(M22>=potencia,I22,""),"") | O22: =(K22+TINV(2*(1-potencia),J22))/SQRT(I22) -> 0.78719719 | P22: =IFERROR(O22-(((1-NORMSDIST((K22*(1-1/(4*J22))-(O22)*SQRT(I22))/SQRT(1+K22^2/(2*J22))))+IF(colas=2,NORMSDIST((-K22*(1-1/(4*J22))-(O22)*SQRT(I22))/SQRT(1+K22^2/(2*J22))),0))-potencia)/((((1-NORMSDIST((K22*(1-1/(4*J22))-(O22+(0.001*O22))*SQRT(I22))/SQRT(1+K22^2/(2*J22))))+IF(colas=2,NORMSDIST((-K22*(1-1/(4*J22))-(O22+(0.001*O22))*SQRT(I22))/SQRT(1+K22^2/(2*J22))),0))-((1-NORMSDIST((K22*(1-1/(4*J22))-(O22-(0.001*O22))*SQRT(I22))/SQRT(1+K22^2/(2*J22))))+IF(colas=2,NORMSDIST((-K22*(1-1/(4*J22))-(O22-(0.001*O22))*SQRT(I22))/SQRT(1+K22^2/(2*J22))),0)))/(2*(0.001*O22))),O22) -> 0.7868007 | Q22: =IFERROR(P22-(((1-NORMSDIST((K22*(1-1/(4*J22))-(P22)*SQRT(I22))/SQRT(1+K22^2/(2*J22))))+IF(colas=2,NORMSDIST((-K22*(1-1/(4*J22))-(P22)*SQRT(I22))/SQRT(1+K22^2/(2*J22))),0))-potencia)/((((1-NORMSDIST((K22*(1-1/(4*J22))-(P22+(0.001*P22))*SQRT(I22))/SQRT(1+K22^2/(2*J22))))+IF(colas=2,NORMSDIST((-K22*(1-1/(4*J22))-(P22+(0.001*P22))*SQRT(I22))/SQRT(1+K22^2/(2*J22))),0))-((1-NORMSDIST((K22*(1-1/(4*J22))-(P22-(0.001*P22))*SQRT(I22))/SQRT(1+K22^2/(2*J22))))+IF(colas=2,NORMSDIST((-K22*(1-1/(4*J22))-(P22-(0.001*P22))*SQRT(I22))/SQRT(1+K22^2/(2*J22))),0)))/(2*(0.001*P22))),P22) -> 0.78680112 | R22: =IFERROR(Q22-(((1-NORMSDIST((K22*(1-1/(4*J22))-(Q22)*SQRT(I22))/SQRT(1+K22^2/(2*J22))))+IF(colas=2,NORMSDIST((-K22*(1-1/(4*J22))-(Q22)*SQRT(I22))/SQRT(1+K22^2/(2*J22))),0))-potencia)/((((1-NORMSDIST((K22*(1-1/(4*J22))-(Q22+(0.001*Q22))*SQRT(I22))/SQRT(1+K22^2/(2*J22))))+IF(colas=2,NORMSDIST((-K22*(1-1/(4*J22))-(Q22+(0.001*Q22))*SQRT(I22))/SQRT(1+K22^2/(2*J22))),0))-((1-NORMSDIST((K22*(1-1/(4*J22))-(Q22-(0.001*Q22))*SQRT(I22))/SQRT(1+K22^2/(2*J22))))+IF(colas=2,NORMSDIST((-K22*(1-1/(4*J22))-(Q22-(0.001*Q22))*SQRT(I22))/SQRT(1+K22^2/(2*J22))),0)))/(2*(0.001*Q22))),Q22) -> 0.78680112 | S22: =R22 -> 0.78680112
A23: Paso 4 · Reparto en la semana | B23: 3 días | C23: 4 días | I23: 20 | J23: =I23-1 -> 19 | K23: =IF(colas=2,TINV(alfa,J23),TINV(2*alfa,J23)) -> 2.0930241 | L23: =IF(ISNUMBER($E$19),$E$19*SQRT(I23),"") -> 0.56756117 | M23: =IF(ISNUMBER($E$19),((1-NORMSDIST((K23*(1-1/(4*J23))-($E$19)*SQRT(I23))/SQRT(1+K23^2/(2*J23))))+IF(colas=2,NORMSDIST((-K23*(1-1/(4*J23))-($E$19)*SQRT(I23))/SQRT(1+K23^2/(2*J23))),0)),"") -> 0.084366813 | N23: =IF(ISNUMBER(M23),IF(M23>=potencia,I23,""),"") | O23: =(K23+TINV(2*(1-potencia),J23))/SQRT(I23) -> 0.76490346 | P23: =IFERROR(O23-(((1-NORMSDIST((K23*(1-1/(4*J23))-(O23)*SQRT(I23))/SQRT(1+K23^2/(2*J23))))+IF(colas=2,NORMSDIST((-K23*(1-1/(4*J23))-(O23)*SQRT(I23))/SQRT(1+K23^2/(2*J23))),0))-potencia)/((((1-NORMSDIST((K23*(1-1/(4*J23))-(O23+(0.001*O23))*SQRT(I23))/SQRT(1+K23^2/(2*J23))))+IF(colas=2,NORMSDIST((-K23*(1-1/(4*J23))-(O23+(0.001*O23))*SQRT(I23))/SQRT(1+K23^2/(2*J23))),0))-((1-NORMSDIST((K23*(1-1/(4*J23))-(O23-(0.001*O23))*SQRT(I23))/SQRT(1+K23^2/(2*J23))))+IF(colas=2,NORMSDIST((-K23*(1-1/(4*J23))-(O23-(0.001*O23))*SQRT(I23))/SQRT(1+K23^2/(2*J23))),0)))/(2*(0.001*O23))),O23) -> 0.76448685 | Q23: =IFERROR(P23-(((1-NORMSDIST((K23*(1-1/(4*J23))-(P23)*SQRT(I23))/SQRT(1+K23^2/(2*J23))))+IF(colas=2,NORMSDIST((-K23*(1-1/(4*J23))-(P23)*SQRT(I23))/SQRT(1+K23^2/(2*J23))),0))-potencia)/((((1-NORMSDIST((K23*(1-1/(4*J23))-(P23+(0.001*P23))*SQRT(I23))/SQRT(1+K23^2/(2*J23))))+IF(colas=2,NORMSDIST((-K23*(1-1/(4*J23))-(P23+(0.001*P23))*SQRT(I23))/SQRT(1+K23^2/(2*J23))),0))-((1-NORMSDIST((K23*(1-1/(4*J23))-(P23-(0.001*P23))*SQRT(I23))/SQRT(1+K23^2/(2*J23))))+IF(colas=2,NORMSDIST((-K23*(1-1/(4*J23))-(P23-(0.001*P23))*SQRT(I23))/SQRT(1+K23^2/(2*J23))),0)))/(2*(0.001*P23))),P23) -> 0.76448732 | R23: =IFERROR(Q23-(((1-NORMSDIST((K23*(1-1/(4*J23))-(Q23)*SQRT(I23))/SQRT(1+K23^2/(2*J23))))+IF(colas=2,NORMSDIST((-K23*(1-1/(4*J23))-(Q23)*SQRT(I23))/SQRT(1+K23^2/(2*J23))),0))-potencia)/((((1-NORMSDIST((K23*(1-1/(4*J23))-(Q23+(0.001*Q23))*SQRT(I23))/SQRT(1+K23^2/(2*J23))))+IF(colas=2,NORMSDIST((-K23*(1-1/(4*J23))-(Q23+(0.001*Q23))*SQRT(I23))/SQRT(1+K23^2/(2*J23))),0))-((1-NORMSDIST((K23*(1-1/(4*J23))-(Q23-(0.001*Q23))*SQRT(I23))/SQRT(1+K23^2/(2*J23))))+IF(colas=2,NORMSDIST((-K23*(1-1/(4*J23))-(Q23-(0.001*Q23))*SQRT(I23))/SQRT(1+K23^2/(2*J23))),0)))/(2*(0.001*Q23))),Q23) -> 0.76448732 | S23: =R23 -> 0.76448732
A24: Minutos por traza (incluye cambio de corriente) | B24: =IF(ISNUMBER(min_traza_man),min_traza_man,dur_piloto) -> 7.5 | I24: 21 | J24: =I24-1 -> 20 | K24: =IF(colas=2,TINV(alfa,J24),TINV(2*alfa,J24)) -> 2.0859634 | L24: =IF(ISNUMBER($E$19),$E$19*SQRT(I24),"") -> 0.58157713 | M24: =IF(ISNUMBER($E$19),((1-NORMSDIST((K24*(1-1/(4*J24))-($E$19)*SQRT(I24))/SQRT(1+K24^2/(2*J24))))+IF(colas=2,NORMSDIST((-K24*(1-1/(4*J24))-($E$19)*SQRT(I24))/SQRT(1+K24^2/(2*J24))),0)),"") -> 0.08623242 | N24: =IF(ISNUMBER(M24),IF(M24>=potencia,I24,""),"") | O24: =(K24+TINV(2*(1-potencia),J24))/SQRT(I24) -> 0.7444076 | P24: =IFERROR(O24-(((1-NORMSDIST((K24*(1-1/(4*J24))-(O24)*SQRT(I24))/SQRT(1+K24^2/(2*J24))))+IF(colas=2,NORMSDIST((-K24*(1-1/(4*J24))-(O24)*SQRT(I24))/SQRT(1+K24^2/(2*J24))),0))-potencia)/((((1-NORMSDIST((K24*(1-1/(4*J24))-(O24+(0.001*O24))*SQRT(I24))/SQRT(1+K24^2/(2*J24))))+IF(colas=2,NORMSDIST((-K24*(1-1/(4*J24))-(O24+(0.001*O24))*SQRT(I24))/SQRT(1+K24^2/(2*J24))),0))-((1-NORMSDIST((K24*(1-1/(4*J24))-(O24-(0.001*O24))*SQRT(I24))/SQRT(1+K24^2/(2*J24))))+IF(colas=2,NORMSDIST((-K24*(1-1/(4*J24))-(O24-(0.001*O24))*SQRT(I24))/SQRT(1+K24^2/(2*J24))),0)))/(2*(0.001*O24))),O24) -> 0.74397958 | Q24: =IFERROR(P24-(((1-NORMSDIST((K24*(1-1/(4*J24))-(P24)*SQRT(I24))/SQRT(1+K24^2/(2*J24))))+IF(colas=2,NORMSDIST((-K24*(1-1/(4*J24))-(P24)*SQRT(I24))/SQRT(1+K24^2/(2*J24))),0))-potencia)/((((1-NORMSDIST((K24*(1-1/(4*J24))-(P24+(0.001*P24))*SQRT(I24))/SQRT(1+K24^2/(2*J24))))+IF(colas=2,NORMSDIST((-K24*(1-1/(4*J24))-(P24+(0.001*P24))*SQRT(I24))/SQRT(1+K24^2/(2*J24))),0))-((1-NORMSDIST((K24*(1-1/(4*J24))-(P24-(0.001*P24))*SQRT(I24))/SQRT(1+K24^2/(2*J24))))+IF(colas=2,NORMSDIST((-K24*(1-1/(4*J24))-(P24-(0.001*P24))*SQRT(I24))/SQRT(1+K24^2/(2*J24))),0)))/(2*(0.001*P24))),P24) -> 0.74398009 | R24: =IFERROR(Q24-(((1-NORMSDIST((K24*(1-1/(4*J24))-(Q24)*SQRT(I24))/SQRT(1+K24^2/(2*J24))))+IF(colas=2,NORMSDIST((-K24*(1-1/(4*J24))-(Q24)*SQRT(I24))/SQRT(1+K24^2/(2*J24))),0))-potencia)/((((1-NORMSDIST((K24*(1-1/(4*J24))-(Q24+(0.001*Q24))*SQRT(I24))/SQRT(1+K24^2/(2*J24))))+IF(colas=2,NORMSDIST((-K24*(1-1/(4*J24))-(Q24+(0.001*Q24))*SQRT(I24))/SQRT(1+K24^2/(2*J24))),0))-((1-NORMSDIST((K24*(1-1/(4*J24))-(Q24-(0.001*Q24))*SQRT(I24))/SQRT(1+K24^2/(2*J24))))+IF(colas=2,NORMSDIST((-K24*(1-1/(4*J24))-(Q24-(0.001*Q24))*SQRT(I24))/SQRT(1+K24^2/(2*J24))),0)))/(2*(0.001*Q24))),Q24) -> 0.74398009 | S24: =R24 -> 0.74398009
A25: Trazas que caben por día | B25: =IF(AND(ISNUMBER(B24),B24>0),INT(horas_dia*60/B24),"") -> 40 | C25: =B25 -> 40 | I25: 22 | J25: =I25-1 -> 21 | K25: =IF(colas=2,TINV(alfa,J25),TINV(2*alfa,J25)) -> 2.0796138 | L25: =IF(ISNUMBER($E$19),$E$19*SQRT(I25),"") -> 0.59526317 | M25: =IF(ISNUMBER($E$19),((1-NORMSDIST((K25*(1-1/(4*J25))-($E$19)*SQRT(I25))/SQRT(1+K25^2/(2*J25))))+IF(colas=2,NORMSDIST((-K25*(1-1/(4*J25))-($E$19)*SQRT(I25))/SQRT(1+K25^2/(2*J25))),0)),"") -> 0.088107604 | N25: =IF(ISNUMBER(M25),IF(M25>=potencia,I25,""),"") | O25: =(K25+TINV(2*(1-potencia),J25))/SQRT(I25) -> 0.72547976 | P25: =IFERROR(O25-(((1-NORMSDIST((K25*(1-1/(4*J25))-(O25)*SQRT(I25))/SQRT(1+K25^2/(2*J25))))+IF(colas=2,NORMSDIST((-K25*(1-1/(4*J25))-(O25)*SQRT(I25))/SQRT(1+K25^2/(2*J25))),0))-potencia)/((((1-NORMSDIST((K25*(1-1/(4*J25))-(O25+(0.001*O25))*SQRT(I25))/SQRT(1+K25^2/(2*J25))))+IF(colas=2,NORMSDIST((-K25*(1-1/(4*J25))-(O25+(0.001*O25))*SQRT(I25))/SQRT(1+K25^2/(2*J25))),0))-((1-NORMSDIST((K25*(1-1/(4*J25))-(O25-(0.001*O25))*SQRT(I25))/SQRT(1+K25^2/(2*J25))))+IF(colas=2,NORMSDIST((-K25*(1-1/(4*J25))-(O25-(0.001*O25))*SQRT(I25))/SQRT(1+K25^2/(2*J25))),0)))/(2*(0.001*O25))),O25) -> 0.72504663 | Q25: =IFERROR(P25-(((1-NORMSDIST((K25*(1-1/(4*J25))-(P25)*SQRT(I25))/SQRT(1+K25^2/(2*J25))))+IF(colas=2,NORMSDIST((-K25*(1-1/(4*J25))-(P25)*SQRT(I25))/SQRT(1+K25^2/(2*J25))),0))-potencia)/((((1-NORMSDIST((K25*(1-1/(4*J25))-(P25+(0.001*P25))*SQRT(I25))/SQRT(1+K25^2/(2*J25))))+IF(colas=2,NORMSDIST((-K25*(1-1/(4*J25))-(P25+(0.001*P25))*SQRT(I25))/SQRT(1+K25^2/(2*J25))),0))-((1-NORMSDIST((K25*(1-1/(4*J25))-(P25-(0.001*P25))*SQRT(I25))/SQRT(1+K25^2/(2*J25))))+IF(colas=2,NORMSDIST((-K25*(1-1/(4*J25))-(P25-(0.001*P25))*SQRT(I25))/SQRT(1+K25^2/(2*J25))),0)))/(2*(0.001*P25))),P25) -> 0.72504716 | R25: =IFERROR(Q25-(((1-NORMSDIST((K25*(1-1/(4*J25))-(Q25)*SQRT(I25))/SQRT(1+K25^2/(2*J25))))+IF(colas=2,NORMSDIST((-K25*(1-1/(4*J25))-(Q25)*SQRT(I25))/SQRT(1+K25^2/(2*J25))),0))-potencia)/((((1-NORMSDIST((K25*(1-1/(4*J25))-(Q25+(0.001*Q25))*SQRT(I25))/SQRT(1+K25^2/(2*J25))))+IF(colas=2,NORMSDIST((-K25*(1-1/(4*J25))-(Q25+(0.001*Q25))*SQRT(I25))/SQRT(1+K25^2/(2*J25))),0))-((1-NORMSDIST((K25*(1-1/(4*J25))-(Q25-(0.001*Q25))*SQRT(I25))/SQRT(1+K25^2/(2*J25))))+IF(colas=2,NORMSDIST((-K25*(1-1/(4*J25))-(Q25-(0.001*Q25))*SQRT(I25))/SQRT(1+K25^2/(2*J25))),0)))/(2*(0.001*Q25))),Q25) -> 0.72504716 | S25: =R25 -> 0.72504716
A26: Réplicas por corriente y por día = ⌈n / días⌉ | B26: =IF(ISNUMBER($E$20),ROUNDUP($E$20/3,0),"") | C26: =IF(ISNUMBER($E$20),ROUNDUP($E$20/4,0),"") | G26: Se redondea hacia arriba para repartir igual entre días; el n del plan puede quedar un poco por encima del necesario. | I26: 23 | J26: =I26-1 -> 22 | K26: =IF(colas=2,TINV(alfa,J26),TINV(2*alfa,J26)) -> 2.0738731 | L26: =IF(ISNUMBER($E$19),$E$19*SQRT(I26),"") -> 0.60864154 | M26: =IF(ISNUMBER($E$19),((1-NORMSDIST((K26*(1-1/(4*J26))-($E$19)*SQRT(I26))/SQRT(1+K26^2/(2*J26))))+IF(colas=2,NORMSDIST((-K26*(1-1/(4*J26))-($E$19)*SQRT(I26))/SQRT(1+K26^2/(2*J26))),0)),"") -> 0.089991081 | N26: =IF(ISNUMBER(M26),IF(M26>=potencia,I26,""),"") | O26: =(K26+TINV(2*(1-potencia),J26))/SQRT(I26) -> 0.70792933 | P26: =IFERROR(O26-(((1-NORMSDIST((K26*(1-1/(4*J26))-(O26)*SQRT(I26))/SQRT(1+K26^2/(2*J26))))+IF(colas=2,NORMSDIST((-K26*(1-1/(4*J26))-(O26)*SQRT(I26))/SQRT(1+K26^2/(2*J26))),0))-potencia)/((((1-NORMSDIST((K26*(1-1/(4*J26))-(O26+(0.001*O26))*SQRT(I26))/SQRT(1+K26^2/(2*J26))))+IF(colas=2,NORMSDIST((-K26*(1-1/(4*J26))-(O26+(0.001*O26))*SQRT(I26))/SQRT(1+K26^2/(2*J26))),0))-((1-NORMSDIST((K26*(1-1/(4*J26))-(O26-(0.001*O26))*SQRT(I26))/SQRT(1+K26^2/(2*J26))))+IF(colas=2,NORMSDIST((-K26*(1-1/(4*J26))-(O26-(0.001*O26))*SQRT(I26))/SQRT(1+K26^2/(2*J26))),0)))/(2*(0.001*O26))),O26) -> 0.70749559 | Q26: =IFERROR(P26-(((1-NORMSDIST((K26*(1-1/(4*J26))-(P26)*SQRT(I26))/SQRT(1+K26^2/(2*J26))))+IF(colas=2,NORMSDIST((-K26*(1-1/(4*J26))-(P26)*SQRT(I26))/SQRT(1+K26^2/(2*J26))),0))-potencia)/((((1-NORMSDIST((K26*(1-1/(4*J26))-(P26+(0.001*P26))*SQRT(I26))/SQRT(1+K26^2/(2*J26))))+IF(colas=2,NORMSDIST((-K26*(1-1/(4*J26))-(P26+(0.001*P26))*SQRT(I26))/SQRT(1+K26^2/(2*J26))),0))-((1-NORMSDIST((K26*(1-1/(4*J26))-(P26-(0.001*P26))*SQRT(I26))/SQRT(1+K26^2/(2*J26))))+IF(colas=2,NORMSDIST((-K26*(1-1/(4*J26))-(P26-(0.001*P26))*SQRT(I26))/SQRT(1+K26^2/(2*J26))),0)))/(2*(0.001*P26))),P26) -> 0.70749614 | R26: =IFERROR(Q26-(((1-NORMSDIST((K26*(1-1/(4*J26))-(Q26)*SQRT(I26))/SQRT(1+K26^2/(2*J26))))+IF(colas=2,NORMSDIST((-K26*(1-1/(4*J26))-(Q26)*SQRT(I26))/SQRT(1+K26^2/(2*J26))),0))-potencia)/((((1-NORMSDIST((K26*(1-1/(4*J26))-(Q26+(0.001*Q26))*SQRT(I26))/SQRT(1+K26^2/(2*J26))))+IF(colas=2,NORMSDIST((-K26*(1-1/(4*J26))-(Q26+(0.001*Q26))*SQRT(I26))/SQRT(1+K26^2/(2*J26))),0))-((1-NORMSDIST((K26*(1-1/(4*J26))-(Q26-(0.001*Q26))*SQRT(I26))/SQRT(1+K26^2/(2*J26))))+IF(colas=2,NORMSDIST((-K26*(1-1/(4*J26))-(Q26-(0.001*Q26))*SQRT(I26))/SQRT(1+K26^2/(2*J26))),0)))/(2*(0.001*Q26))),Q26) -> 0.70749614 | S26: =R26 -> 0.70749614
A27: Trazas por día = 3 × réplicas por día | B27: =IF(ISNUMBER(B26),3*B26,"") | C27: =IF(ISNUMBER(C26),3*C26,"") | I27: 24 | J27: =I27-1 -> 23 | K27: =IF(colas=2,TINV(alfa,J27),TINV(2*alfa,J27)) -> 2.0686576 | L27: =IF(ISNUMBER($E$19),$E$19*SQRT(I27),"") -> 0.62173211 | M27: =IF(ISNUMBER($E$19),((1-NORMSDIST((K27*(1-1/(4*J27))-($E$19)*SQRT(I27))/SQRT(1+K27^2/(2*J27))))+IF(colas=2,NORMSDIST((-K27*(1-1/(4*J27))-($E$19)*SQRT(I27))/SQRT(1+K27^2/(2*J27))),0)),"") -> 0.091881835 | N27: =IF(ISNUMBER(M27),IF(M27>=potencia,I27,""),"") | O27: =(K27+TINV(2*(1-potencia),J27))/SQRT(I27) -> 0.69159666 | P27: =IFERROR(O27-(((1-NORMSDIST((K27*(1-1/(4*J27))-(O27)*SQRT(I27))/SQRT(1+K27^2/(2*J27))))+IF(colas=2,NORMSDIST((-K27*(1-1/(4*J27))-(O27)*SQRT(I27))/SQRT(1+K27^2/(2*J27))),0))-potencia)/((((1-NORMSDIST((K27*(1-1/(4*J27))-(O27+(0.001*O27))*SQRT(I27))/SQRT(1+K27^2/(2*J27))))+IF(colas=2,NORMSDIST((-K27*(1-1/(4*J27))-(O27+(0.001*O27))*SQRT(I27))/SQRT(1+K27^2/(2*J27))),0))-((1-NORMSDIST((K27*(1-1/(4*J27))-(O27-(0.001*O27))*SQRT(I27))/SQRT(1+K27^2/(2*J27))))+IF(colas=2,NORMSDIST((-K27*(1-1/(4*J27))-(O27-(0.001*O27))*SQRT(I27))/SQRT(1+K27^2/(2*J27))),0)))/(2*(0.001*O27))),O27) -> 0.69116556 | Q27: =IFERROR(P27-(((1-NORMSDIST((K27*(1-1/(4*J27))-(P27)*SQRT(I27))/SQRT(1+K27^2/(2*J27))))+IF(colas=2,NORMSDIST((-K27*(1-1/(4*J27))-(P27)*SQRT(I27))/SQRT(1+K27^2/(2*J27))),0))-potencia)/((((1-NORMSDIST((K27*(1-1/(4*J27))-(P27+(0.001*P27))*SQRT(I27))/SQRT(1+K27^2/(2*J27))))+IF(colas=2,NORMSDIST((-K27*(1-1/(4*J27))-(P27+(0.001*P27))*SQRT(I27))/SQRT(1+K27^2/(2*J27))),0))-((1-NORMSDIST((K27*(1-1/(4*J27))-(P27-(0.001*P27))*SQRT(I27))/SQRT(1+K27^2/(2*J27))))+IF(colas=2,NORMSDIST((-K27*(1-1/(4*J27))-(P27-(0.001*P27))*SQRT(I27))/SQRT(1+K27^2/(2*J27))),0)))/(2*(0.001*P27))),P27) -> 0.69116611 | R27: =IFERROR(Q27-(((1-NORMSDIST((K27*(1-1/(4*J27))-(Q27)*SQRT(I27))/SQRT(1+K27^2/(2*J27))))+IF(colas=2,NORMSDIST((-K27*(1-1/(4*J27))-(Q27)*SQRT(I27))/SQRT(1+K27^2/(2*J27))),0))-potencia)/((((1-NORMSDIST((K27*(1-1/(4*J27))-(Q27+(0.001*Q27))*SQRT(I27))/SQRT(1+K27^2/(2*J27))))+IF(colas=2,NORMSDIST((-K27*(1-1/(4*J27))-(Q27+(0.001*Q27))*SQRT(I27))/SQRT(1+K27^2/(2*J27))),0))-((1-NORMSDIST((K27*(1-1/(4*J27))-(Q27-(0.001*Q27))*SQRT(I27))/SQRT(1+K27^2/(2*J27))))+IF(colas=2,NORMSDIST((-K27*(1-1/(4*J27))-(Q27-(0.001*Q27))*SQRT(I27))/SQRT(1+K27^2/(2*J27))),0)))/(2*(0.001*Q27))),Q27) -> 0.69116611 | S27: =R27 -> 0.69116611
A28: ¿Caben en el día? | B28: =IF(AND(ISNUMBER(B27),ISNUMBER($B$25)),IF(B27<=$B$25,"Sí","No"),"(falta cronometraje)") -> (falta cronometraje) | C28: =IF(AND(ISNUMBER(C27),ISNUMBER($B$25)),IF(C27<=$B$25,"Sí","No"),"(falta cronometraje)") -> (falta cronometraje) | I28: 25 | J28: =I28-1 -> 24 | K28: =IF(colas=2,TINV(alfa,J28),TINV(2*alfa,J28)) -> 2.0638986 | L28: =IF(ISNUMBER($E$19),$E$19*SQRT(I28),"") -> 0.63455267 | M28: =IF(ISNUMBER($E$19),((1-NORMSDIST((K28*(1-1/(4*J28))-($E$19)*SQRT(I28))/SQRT(1+K28^2/(2*J28))))+IF(colas=2,NORMSDIST((-K28*(1-1/(4*J28))-($E$19)*SQRT(I28))/SQRT(1+K28^2/(2*J28))),0)),"") -> 0.09377905 | N28: =IF(ISNUMBER(M28),IF(M28>=potencia,I28,""),"") | O28: =(K28+TINV(2*(1-potencia),J28))/SQRT(I28) -> 0.6763469 | P28: =IFERROR(O28-(((1-NORMSDIST((K28*(1-1/(4*J28))-(O28)*SQRT(I28))/SQRT(1+K28^2/(2*J28))))+IF(colas=2,NORMSDIST((-K28*(1-1/(4*J28))-(O28)*SQRT(I28))/SQRT(1+K28^2/(2*J28))),0))-potencia)/((((1-NORMSDIST((K28*(1-1/(4*J28))-(O28+(0.001*O28))*SQRT(I28))/SQRT(1+K28^2/(2*J28))))+IF(colas=2,NORMSDIST((-K28*(1-1/(4*J28))-(O28+(0.001*O28))*SQRT(I28))/SQRT(1+K28^2/(2*J28))),0))-((1-NORMSDIST((K28*(1-1/(4*J28))-(O28-(0.001*O28))*SQRT(I28))/SQRT(1+K28^2/(2*J28))))+IF(colas=2,NORMSDIST((-K28*(1-1/(4*J28))-(O28-(0.001*O28))*SQRT(I28))/SQRT(1+K28^2/(2*J28))),0)))/(2*(0.001*O28))),O28) -> 0.67592076 | Q28: =IFERROR(P28-(((1-NORMSDIST((K28*(1-1/(4*J28))-(P28)*SQRT(I28))/SQRT(1+K28^2/(2*J28))))+IF(colas=2,NORMSDIST((-K28*(1-1/(4*J28))-(P28)*SQRT(I28))/SQRT(1+K28^2/(2*J28))),0))-potencia)/((((1-NORMSDIST((K28*(1-1/(4*J28))-(P28+(0.001*P28))*SQRT(I28))/SQRT(1+K28^2/(2*J28))))+IF(colas=2,NORMSDIST((-K28*(1-1/(4*J28))-(P28+(0.001*P28))*SQRT(I28))/SQRT(1+K28^2/(2*J28))),0))-((1-NORMSDIST((K28*(1-1/(4*J28))-(P28-(0.001*P28))*SQRT(I28))/SQRT(1+K28^2/(2*J28))))+IF(colas=2,NORMSDIST((-K28*(1-1/(4*J28))-(P28-(0.001*P28))*SQRT(I28))/SQRT(1+K28^2/(2*J28))),0)))/(2*(0.001*P28))),P28) -> 0.67592132 | R28: =IFERROR(Q28-(((1-NORMSDIST((K28*(1-1/(4*J28))-(Q28)*SQRT(I28))/SQRT(1+K28^2/(2*J28))))+IF(colas=2,NORMSDIST((-K28*(1-1/(4*J28))-(Q28)*SQRT(I28))/SQRT(1+K28^2/(2*J28))),0))-potencia)/((((1-NORMSDIST((K28*(1-1/(4*J28))-(Q28+(0.001*Q28))*SQRT(I28))/SQRT(1+K28^2/(2*J28))))+IF(colas=2,NORMSDIST((-K28*(1-1/(4*J28))-(Q28+(0.001*Q28))*SQRT(I28))/SQRT(1+K28^2/(2*J28))),0))-((1-NORMSDIST((K28*(1-1/(4*J28))-(Q28-(0.001*Q28))*SQRT(I28))/SQRT(1+K28^2/(2*J28))))+IF(colas=2,NORMSDIST((-K28*(1-1/(4*J28))-(Q28-(0.001*Q28))*SQRT(I28))/SQRT(1+K28^2/(2*J28))),0)))/(2*(0.001*Q28))),Q28) -> 0.67592132 | S28: =R28 -> 0.67592132
A29: n por corriente del plan (réplicas por día × días) | B29: =IF(ISNUMBER(B26),B26*3,"") | C29: =IF(ISNUMBER(C26),C26*4,"") | I29: 26 | J29: =I29-1 -> 25 | K29: =IF(colas=2,TINV(alfa,J29),TINV(2*alfa,J29)) -> 2.0595386 | L29: =IF(ISNUMBER($E$19),$E$19*SQRT(I29),"") -> 0.64711929 | M29: =IF(ISNUMBER($E$19),((1-NORMSDIST((K29*(1-1/(4*J29))-($E$19)*SQRT(I29))/SQRT(1+K29^2/(2*J29))))+IF(colas=2,NORMSDIST((-K29*(1-1/(4*J29))-($E$19)*SQRT(I29))/SQRT(1+K29^2/(2*J29))),0)),"") -> 0.095682062 | N29: =IF(ISNUMBER(M29),IF(M29>=potencia,I29,""),"") | O29: =(K29+TINV(2*(1-potencia),J29))/SQRT(I29) -> 0.66206525 | P29: =IFERROR(O29-(((1-NORMSDIST((K29*(1-1/(4*J29))-(O29)*SQRT(I29))/SQRT(1+K29^2/(2*J29))))+IF(colas=2,NORMSDIST((-K29*(1-1/(4*J29))-(O29)*SQRT(I29))/SQRT(1+K29^2/(2*J29))),0))-potencia)/((((1-NORMSDIST((K29*(1-1/(4*J29))-(O29+(0.001*O29))*SQRT(I29))/SQRT(1+K29^2/(2*J29))))+IF(colas=2,NORMSDIST((-K29*(1-1/(4*J29))-(O29+(0.001*O29))*SQRT(I29))/SQRT(1+K29^2/(2*J29))),0))-((1-NORMSDIST((K29*(1-1/(4*J29))-(O29-(0.001*O29))*SQRT(I29))/SQRT(1+K29^2/(2*J29))))+IF(colas=2,NORMSDIST((-K29*(1-1/(4*J29))-(O29-(0.001*O29))*SQRT(I29))/SQRT(1+K29^2/(2*J29))),0)))/(2*(0.001*O29))),O29) -> 0.66164572 | Q29: =IFERROR(P29-(((1-NORMSDIST((K29*(1-1/(4*J29))-(P29)*SQRT(I29))/SQRT(1+K29^2/(2*J29))))+IF(colas=2,NORMSDIST((-K29*(1-1/(4*J29))-(P29)*SQRT(I29))/SQRT(1+K29^2/(2*J29))),0))-potencia)/((((1-NORMSDIST((K29*(1-1/(4*J29))-(P29+(0.001*P29))*SQRT(I29))/SQRT(1+K29^2/(2*J29))))+IF(colas=2,NORMSDIST((-K29*(1-1/(4*J29))-(P29+(0.001*P29))*SQRT(I29))/SQRT(1+K29^2/(2*J29))),0))-((1-NORMSDIST((K29*(1-1/(4*J29))-(P29-(0.001*P29))*SQRT(I29))/SQRT(1+K29^2/(2*J29))))+IF(colas=2,NORMSDIST((-K29*(1-1/(4*J29))-(P29-(0.001*P29))*SQRT(I29))/SQRT(1+K29^2/(2*J29))),0)))/(2*(0.001*P29))),P29) -> 0.66164627 | R29: =IFERROR(Q29-(((1-NORMSDIST((K29*(1-1/(4*J29))-(Q29)*SQRT(I29))/SQRT(1+K29^2/(2*J29))))+IF(colas=2,NORMSDIST((-K29*(1-1/(4*J29))-(Q29)*SQRT(I29))/SQRT(1+K29^2/(2*J29))),0))-potencia)/((((1-NORMSDIST((K29*(1-1/(4*J29))-(Q29+(0.001*Q29))*SQRT(I29))/SQRT(1+K29^2/(2*J29))))+IF(colas=2,NORMSDIST((-K29*(1-1/(4*J29))-(Q29+(0.001*Q29))*SQRT(I29))/SQRT(1+K29^2/(2*J29))),0))-((1-NORMSDIST((K29*(1-1/(4*J29))-(Q29-(0.001*Q29))*SQRT(I29))/SQRT(1+K29^2/(2*J29))))+IF(colas=2,NORMSDIST((-K29*(1-1/(4*J29))-(Q29-(0.001*Q29))*SQRT(I29))/SQRT(1+K29^2/(2*J29))),0)))/(2*(0.001*Q29))),Q29) -> 0.66164627 | S29: =R29 -> 0.66164627
A30: Si no caben: réplicas por corriente y día que sí caben | B30: =IF(B28="No",INT($B$25/3),"") | C30: =IF(C28="No",INT($B$25/3),"") | I30: 27 | J30: =I30-1 -> 26 | K30: =IF(colas=2,TINV(alfa,J30),TINV(2*alfa,J30)) -> 2.0555294 | L30: =IF(ISNUMBER($E$19),$E$19*SQRT(I30),"") -> 0.65944648 | M30: =IF(ISNUMBER($E$19),((1-NORMSDIST((K30*(1-1/(4*J30))-($E$19)*SQRT(I30))/SQRT(1+K30^2/(2*J30))))+IF(colas=2,NORMSDIST((-K30*(1-1/(4*J30))-($E$19)*SQRT(I30))/SQRT(1+K30^2/(2*J30))),0)),"") -> 0.097590325 | N30: =IF(ISNUMBER(M30),IF(M30>=potencia,I30,""),"") | O30: =(K30+TINV(2*(1-potencia),J30))/SQRT(I30) -> 0.64865328 | P30: =IFERROR(O30-(((1-NORMSDIST((K30*(1-1/(4*J30))-(O30)*SQRT(I30))/SQRT(1+K30^2/(2*J30))))+IF(colas=2,NORMSDIST((-K30*(1-1/(4*J30))-(O30)*SQRT(I30))/SQRT(1+K30^2/(2*J30))),0))-potencia)/((((1-NORMSDIST((K30*(1-1/(4*J30))-(O30+(0.001*O30))*SQRT(I30))/SQRT(1+K30^2/(2*J30))))+IF(colas=2,NORMSDIST((-K30*(1-1/(4*J30))-(O30+(0.001*O30))*SQRT(I30))/SQRT(1+K30^2/(2*J30))),0))-((1-NORMSDIST((K30*(1-1/(4*J30))-(O30-(0.001*O30))*SQRT(I30))/SQRT(1+K30^2/(2*J30))))+IF(colas=2,NORMSDIST((-K30*(1-1/(4*J30))-(O30-(0.001*O30))*SQRT(I30))/SQRT(1+K30^2/(2*J30))),0)))/(2*(0.001*O30))),O30) -> 0.6482415 | Q30: =IFERROR(P30-(((1-NORMSDIST((K30*(1-1/(4*J30))-(P30)*SQRT(I30))/SQRT(1+K30^2/(2*J30))))+IF(colas=2,NORMSDIST((-K30*(1-1/(4*J30))-(P30)*SQRT(I30))/SQRT(1+K30^2/(2*J30))),0))-potencia)/((((1-NORMSDIST((K30*(1-1/(4*J30))-(P30+(0.001*P30))*SQRT(I30))/SQRT(1+K30^2/(2*J30))))+IF(colas=2,NORMSDIST((-K30*(1-1/(4*J30))-(P30+(0.001*P30))*SQRT(I30))/SQRT(1+K30^2/(2*J30))),0))-((1-NORMSDIST((K30*(1-1/(4*J30))-(P30-(0.001*P30))*SQRT(I30))/SQRT(1+K30^2/(2*J30))))+IF(colas=2,NORMSDIST((-K30*(1-1/(4*J30))-(P30-(0.001*P30))*SQRT(I30))/SQRT(1+K30^2/(2*J30))),0)))/(2*(0.001*P30))),P30) -> 0.64824205 | R30: =IFERROR(Q30-(((1-NORMSDIST((K30*(1-1/(4*J30))-(Q30)*SQRT(I30))/SQRT(1+K30^2/(2*J30))))+IF(colas=2,NORMSDIST((-K30*(1-1/(4*J30))-(Q30)*SQRT(I30))/SQRT(1+K30^2/(2*J30))),0))-potencia)/((((1-NORMSDIST((K30*(1-1/(4*J30))-(Q30+(0.001*Q30))*SQRT(I30))/SQRT(1+K30^2/(2*J30))))+IF(colas=2,NORMSDIST((-K30*(1-1/(4*J30))-(Q30+(0.001*Q30))*SQRT(I30))/SQRT(1+K30^2/(2*J30))),0))-((1-NORMSDIST((K30*(1-1/(4*J30))-(Q30-(0.001*Q30))*SQRT(I30))/SQRT(1+K30^2/(2*J30))))+IF(colas=2,NORMSDIST((-K30*(1-1/(4*J30))-(Q30-(0.001*Q30))*SQRT(I30))/SQRT(1+K30^2/(2*J30))),0)))/(2*(0.001*Q30))),Q30) -> 0.64824205 | S30: =R30 -> 0.64824205
A31: n por corriente que sí cabe | B31: =IF(ISNUMBER(B30),B30*3,"") | C31: =IF(ISNUMBER(C30),C30*4,"") | I31: 28 | J31: =I31-1 -> 27 | K31: =IF(colas=2,TINV(alfa,J31),TINV(2*alfa,J31)) -> 2.0518305 | L31: =IF(ISNUMBER($E$19),$E$19*SQRT(I31),"") -> 0.67154743 | M31: =IF(ISNUMBER($E$19),((1-NORMSDIST((K31*(1-1/(4*J31))-($E$19)*SQRT(I31))/SQRT(1+K31^2/(2*J31))))+IF(colas=2,NORMSDIST((-K31*(1-1/(4*J31))-($E$19)*SQRT(I31))/SQRT(1+K31^2/(2*J31))),0)),"") -> 0.099503384 | N31: =IF(ISNUMBER(M31),IF(M31>=potencia,I31,""),"") | O31: =(K31+TINV(2*(1-potencia),J31))/SQRT(I31) -> 0.63602603 | P31: =IFERROR(O31-(((1-NORMSDIST((K31*(1-1/(4*J31))-(O31)*SQRT(I31))/SQRT(1+K31^2/(2*J31))))+IF(colas=2,NORMSDIST((-K31*(1-1/(4*J31))-(O31)*SQRT(I31))/SQRT(1+K31^2/(2*J31))),0))-potencia)/((((1-NORMSDIST((K31*(1-1/(4*J31))-(O31+(0.001*O31))*SQRT(I31))/SQRT(1+K31^2/(2*J31))))+IF(colas=2,NORMSDIST((-K31*(1-1/(4*J31))-(O31+(0.001*O31))*SQRT(I31))/SQRT(1+K31^2/(2*J31))),0))-((1-NORMSDIST((K31*(1-1/(4*J31))-(O31-(0.001*O31))*SQRT(I31))/SQRT(1+K31^2/(2*J31))))+IF(colas=2,NORMSDIST((-K31*(1-1/(4*J31))-(O31-(0.001*O31))*SQRT(I31))/SQRT(1+K31^2/(2*J31))),0)))/(2*(0.001*O31))),O31) -> 0.63562278 | Q31: =IFERROR(P31-(((1-NORMSDIST((K31*(1-1/(4*J31))-(P31)*SQRT(I31))/SQRT(1+K31^2/(2*J31))))+IF(colas=2,NORMSDIST((-K31*(1-1/(4*J31))-(P31)*SQRT(I31))/SQRT(1+K31^2/(2*J31))),0))-potencia)/((((1-NORMSDIST((K31*(1-1/(4*J31))-(P31+(0.001*P31))*SQRT(I31))/SQRT(1+K31^2/(2*J31))))+IF(colas=2,NORMSDIST((-K31*(1-1/(4*J31))-(P31+(0.001*P31))*SQRT(I31))/SQRT(1+K31^2/(2*J31))),0))-((1-NORMSDIST((K31*(1-1/(4*J31))-(P31-(0.001*P31))*SQRT(I31))/SQRT(1+K31^2/(2*J31))))+IF(colas=2,NORMSDIST((-K31*(1-1/(4*J31))-(P31-(0.001*P31))*SQRT(I31))/SQRT(1+K31^2/(2*J31))),0)))/(2*(0.001*P31))),P31) -> 0.63562331 | R31: =IFERROR(Q31-(((1-NORMSDIST((K31*(1-1/(4*J31))-(Q31)*SQRT(I31))/SQRT(1+K31^2/(2*J31))))+IF(colas=2,NORMSDIST((-K31*(1-1/(4*J31))-(Q31)*SQRT(I31))/SQRT(1+K31^2/(2*J31))),0))-potencia)/((((1-NORMSDIST((K31*(1-1/(4*J31))-(Q31+(0.001*Q31))*SQRT(I31))/SQRT(1+K31^2/(2*J31))))+IF(colas=2,NORMSDIST((-K31*(1-1/(4*J31))-(Q31+(0.001*Q31))*SQRT(I31))/SQRT(1+K31^2/(2*J31))),0))-((1-NORMSDIST((K31*(1-1/(4*J31))-(Q31-(0.001*Q31))*SQRT(I31))/SQRT(1+K31^2/(2*J31))))+IF(colas=2,NORMSDIST((-K31*(1-1/(4*J31))-(Q31-(0.001*Q31))*SQRT(I31))/SQRT(1+K31^2/(2*J31))),0)))/(2*(0.001*Q31))),Q31) -> 0.63562331 | S31: =R31 -> 0.63562331
A32: n por corriente que se mide | B32: =IF(ISNUMBER(B31),B31,B29) | C32: =IF(ISNUMBER(C31),C31,C29) | I32: 29 | J32: =I32-1 -> 28 | K32: =IF(colas=2,TINV(alfa,J32),TINV(2*alfa,J32)) -> 2.0484071 | L32: =IF(ISNUMBER($E$19),$E$19*SQRT(I32),"") -> 0.68343415 | M32: =IF(ISNUMBER($E$19),((1-NORMSDIST((K32*(1-1/(4*J32))-($E$19)*SQRT(I32))/SQRT(1+K32^2/(2*J32))))+IF(colas=2,NORMSDIST((-K32*(1-1/(4*J32))-($E$19)*SQRT(I32))/SQRT(1+K32^2/(2*J32))),0)),"") -> 0.10142086 | N32: =IF(ISNUMBER(M32),IF(M32>=potencia,I32,""),"") | O32: =(K32+TINV(2*(1-potencia),J32))/SQRT(I32) -> 0.62410976 | P32: =IFERROR(O32-(((1-NORMSDIST((K32*(1-1/(4*J32))-(O32)*SQRT(I32))/SQRT(1+K32^2/(2*J32))))+IF(colas=2,NORMSDIST((-K32*(1-1/(4*J32))-(O32)*SQRT(I32))/SQRT(1+K32^2/(2*J32))),0))-potencia)/((((1-NORMSDIST((K32*(1-1/(4*J32))-(O32+(0.001*O32))*SQRT(I32))/SQRT(1+K32^2/(2*J32))))+IF(colas=2,NORMSDIST((-K32*(1-1/(4*J32))-(O32+(0.001*O32))*SQRT(I32))/SQRT(1+K32^2/(2*J32))),0))-((1-NORMSDIST((K32*(1-1/(4*J32))-(O32-(0.001*O32))*SQRT(I32))/SQRT(1+K32^2/(2*J32))))+IF(colas=2,NORMSDIST((-K32*(1-1/(4*J32))-(O32-(0.001*O32))*SQRT(I32))/SQRT(1+K32^2/(2*J32))),0)))/(2*(0.001*O32))),O32) -> 0.62371553 | Q32: =IFERROR(P32-(((1-NORMSDIST((K32*(1-1/(4*J32))-(P32)*SQRT(I32))/SQRT(1+K32^2/(2*J32))))+IF(colas=2,NORMSDIST((-K32*(1-1/(4*J32))-(P32)*SQRT(I32))/SQRT(1+K32^2/(2*J32))),0))-potencia)/((((1-NORMSDIST((K32*(1-1/(4*J32))-(P32+(0.001*P32))*SQRT(I32))/SQRT(1+K32^2/(2*J32))))+IF(colas=2,NORMSDIST((-K32*(1-1/(4*J32))-(P32+(0.001*P32))*SQRT(I32))/SQRT(1+K32^2/(2*J32))),0))-((1-NORMSDIST((K32*(1-1/(4*J32))-(P32-(0.001*P32))*SQRT(I32))/SQRT(1+K32^2/(2*J32))))+IF(colas=2,NORMSDIST((-K32*(1-1/(4*J32))-(P32-(0.001*P32))*SQRT(I32))/SQRT(1+K32^2/(2*J32))),0)))/(2*(0.001*P32))),P32) -> 0.62371604 | R32: =IFERROR(Q32-(((1-NORMSDIST((K32*(1-1/(4*J32))-(Q32)*SQRT(I32))/SQRT(1+K32^2/(2*J32))))+IF(colas=2,NORMSDIST((-K32*(1-1/(4*J32))-(Q32)*SQRT(I32))/SQRT(1+K32^2/(2*J32))),0))-potencia)/((((1-NORMSDIST((K32*(1-1/(4*J32))-(Q32+(0.001*Q32))*SQRT(I32))/SQRT(1+K32^2/(2*J32))))+IF(colas=2,NORMSDIST((-K32*(1-1/(4*J32))-(Q32+(0.001*Q32))*SQRT(I32))/SQRT(1+K32^2/(2*J32))),0))-((1-NORMSDIST((K32*(1-1/(4*J32))-(Q32-(0.001*Q32))*SQRT(I32))/SQRT(1+K32^2/(2*J32))))+IF(colas=2,NORMSDIST((-K32*(1-1/(4*J32))-(Q32-(0.001*Q32))*SQRT(I32))/SQRT(1+K32^2/(2*J32))),0)))/(2*(0.001*Q32))),Q32) -> 0.62371604 | S32: =R32 -> 0.62371604
A33: δ detectable δdet con ese n (fs) | B33: =IF(AND(ISNUMBER(B32),B32>=2,ISNUMBER($E$10)),INDEX($S$5:$S$103,B32-1)*$E$10,"") | C33: =IF(AND(ISNUMBER(C32),C32>=2,ISNUMBER($E$10)),INDEX($S$5:$S$103,C32-1)*$E$10,"") | G33: Mínima diferencia que el plan detecta con α y potencia fijados (la «salida» de la curva OC con n fijo). | I33: 30 | J33: =I33-1 -> 29 | K33: =IF(colas=2,TINV(alfa,J33),TINV(2*alfa,J33)) -> 2.0452296 | L33: =IF(ISNUMBER($E$19),$E$19*SQRT(I33),"") -> 0.69511763 | M33: =IF(ISNUMBER($E$19),((1-NORMSDIST((K33*(1-1/(4*J33))-($E$19)*SQRT(I33))/SQRT(1+K33^2/(2*J33))))+IF(colas=2,NORMSDIST((-K33*(1-1/(4*J33))-($E$19)*SQRT(I33))/SQRT(1+K33^2/(2*J33))),0)),"") -> 0.10334241 | N33: =IF(ISNUMBER(M33),IF(M33>=potencia,I33,""),"") | O33: =(K33+TINV(2*(1-potencia),J33))/SQRT(I33) -> 0.61284007 | P33: =IFERROR(O33-(((1-NORMSDIST((K33*(1-1/(4*J33))-(O33)*SQRT(I33))/SQRT(1+K33^2/(2*J33))))+IF(colas=2,NORMSDIST((-K33*(1-1/(4*J33))-(O33)*SQRT(I33))/SQRT(1+K33^2/(2*J33))),0))-potencia)/((((1-NORMSDIST((K33*(1-1/(4*J33))-(O33+(0.001*O33))*SQRT(I33))/SQRT(1+K33^2/(2*J33))))+IF(colas=2,NORMSDIST((-K33*(1-1/(4*J33))-(O33+(0.001*O33))*SQRT(I33))/SQRT(1+K33^2/(2*J33))),0))-((1-NORMSDIST((K33*(1-1/(4*J33))-(O33-(0.001*O33))*SQRT(I33))/SQRT(1+K33^2/(2*J33))))+IF(colas=2,NORMSDIST((-K33*(1-1/(4*J33))-(O33-(0.001*O33))*SQRT(I33))/SQRT(1+K33^2/(2*J33))),0)))/(2*(0.001*O33))),O33) -> 0.61245513 | Q33: =IFERROR(P33-(((1-NORMSDIST((K33*(1-1/(4*J33))-(P33)*SQRT(I33))/SQRT(1+K33^2/(2*J33))))+IF(colas=2,NORMSDIST((-K33*(1-1/(4*J33))-(P33)*SQRT(I33))/SQRT(1+K33^2/(2*J33))),0))-potencia)/((((1-NORMSDIST((K33*(1-1/(4*J33))-(P33+(0.001*P33))*SQRT(I33))/SQRT(1+K33^2/(2*J33))))+IF(colas=2,NORMSDIST((-K33*(1-1/(4*J33))-(P33+(0.001*P33))*SQRT(I33))/SQRT(1+K33^2/(2*J33))),0))-((1-NORMSDIST((K33*(1-1/(4*J33))-(P33-(0.001*P33))*SQRT(I33))/SQRT(1+K33^2/(2*J33))))+IF(colas=2,NORMSDIST((-K33*(1-1/(4*J33))-(P33-(0.001*P33))*SQRT(I33))/SQRT(1+K33^2/(2*J33))),0)))/(2*(0.001*P33))),P33) -> 0.61245563 | R33: =IFERROR(Q33-(((1-NORMSDIST((K33*(1-1/(4*J33))-(Q33)*SQRT(I33))/SQRT(1+K33^2/(2*J33))))+IF(colas=2,NORMSDIST((-K33*(1-1/(4*J33))-(Q33)*SQRT(I33))/SQRT(1+K33^2/(2*J33))),0))-potencia)/((((1-NORMSDIST((K33*(1-1/(4*J33))-(Q33+(0.001*Q33))*SQRT(I33))/SQRT(1+K33^2/(2*J33))))+IF(colas=2,NORMSDIST((-K33*(1-1/(4*J33))-(Q33+(0.001*Q33))*SQRT(I33))/SQRT(1+K33^2/(2*J33))),0))-((1-NORMSDIST((K33*(1-1/(4*J33))-(Q33-(0.001*Q33))*SQRT(I33))/SQRT(1+K33^2/(2*J33))))+IF(colas=2,NORMSDIST((-K33*(1-1/(4*J33))-(Q33-(0.001*Q33))*SQRT(I33))/SQRT(1+K33^2/(2*J33))),0)))/(2*(0.001*Q33))),Q33) -> 0.61245563 | S33: =R33 -> 0.61245563
A34: ¿δdet ≤ δ? | B34: =IF(ISNUMBER(B33),IF(B33<=$E$15+0.005,"Sí","No: declararlo en el informe"),"") | C34: =IF(ISNUMBER(C33),IF(C33<=$E$15+0.005,"Sí","No: declararlo en el informe"),"") | I34: 31 | J34: =I34-1 -> 30 | K34: =IF(colas=2,TINV(alfa,J34),TINV(2*alfa,J34)) -> 2.0422725 | L34: =IF(ISNUMBER($E$19),$E$19*SQRT(I34),"") -> 0.70660795 | M34: =IF(ISNUMBER($E$19),((1-NORMSDIST((K34*(1-1/(4*J34))-($E$19)*SQRT(I34))/SQRT(1+K34^2/(2*J34))))+IF(colas=2,NORMSDIST((-K34*(1-1/(4*J34))-($E$19)*SQRT(I34))/SQRT(1+K34^2/(2*J34))),0)),"") -> 0.10526778 | N34: =IF(ISNUMBER(M34),IF(M34>=potencia,I34,""),"") | O34: =(K34+TINV(2*(1-potencia),J34))/SQRT(I34) -> 0.60216045 | P34: =IFERROR(O34-(((1-NORMSDIST((K34*(1-1/(4*J34))-(O34)*SQRT(I34))/SQRT(1+K34^2/(2*J34))))+IF(colas=2,NORMSDIST((-K34*(1-1/(4*J34))-(O34)*SQRT(I34))/SQRT(1+K34^2/(2*J34))),0))-potencia)/((((1-NORMSDIST((K34*(1-1/(4*J34))-(O34+(0.001*O34))*SQRT(I34))/SQRT(1+K34^2/(2*J34))))+IF(colas=2,NORMSDIST((-K34*(1-1/(4*J34))-(O34+(0.001*O34))*SQRT(I34))/SQRT(1+K34^2/(2*J34))),0))-((1-NORMSDIST((K34*(1-1/(4*J34))-(O34-(0.001*O34))*SQRT(I34))/SQRT(1+K34^2/(2*J34))))+IF(colas=2,NORMSDIST((-K34*(1-1/(4*J34))-(O34-(0.001*O34))*SQRT(I34))/SQRT(1+K34^2/(2*J34))),0)))/(2*(0.001*O34))),O34) -> 0.60178494 | Q34: =IFERROR(P34-(((1-NORMSDIST((K34*(1-1/(4*J34))-(P34)*SQRT(I34))/SQRT(1+K34^2/(2*J34))))+IF(colas=2,NORMSDIST((-K34*(1-1/(4*J34))-(P34)*SQRT(I34))/SQRT(1+K34^2/(2*J34))),0))-potencia)/((((1-NORMSDIST((K34*(1-1/(4*J34))-(P34+(0.001*P34))*SQRT(I34))/SQRT(1+K34^2/(2*J34))))+IF(colas=2,NORMSDIST((-K34*(1-1/(4*J34))-(P34+(0.001*P34))*SQRT(I34))/SQRT(1+K34^2/(2*J34))),0))-((1-NORMSDIST((K34*(1-1/(4*J34))-(P34-(0.001*P34))*SQRT(I34))/SQRT(1+K34^2/(2*J34))))+IF(colas=2,NORMSDIST((-K34*(1-1/(4*J34))-(P34-(0.001*P34))*SQRT(I34))/SQRT(1+K34^2/(2*J34))),0)))/(2*(0.001*P34))),P34) -> 0.60178543 | R34: =IFERROR(Q34-(((1-NORMSDIST((K34*(1-1/(4*J34))-(Q34)*SQRT(I34))/SQRT(1+K34^2/(2*J34))))+IF(colas=2,NORMSDIST((-K34*(1-1/(4*J34))-(Q34)*SQRT(I34))/SQRT(1+K34^2/(2*J34))),0))-potencia)/((((1-NORMSDIST((K34*(1-1/(4*J34))-(Q34+(0.001*Q34))*SQRT(I34))/SQRT(1+K34^2/(2*J34))))+IF(colas=2,NORMSDIST((-K34*(1-1/(4*J34))-(Q34+(0.001*Q34))*SQRT(I34))/SQRT(1+K34^2/(2*J34))),0))-((1-NORMSDIST((K34*(1-1/(4*J34))-(Q34-(0.001*Q34))*SQRT(I34))/SQRT(1+K34^2/(2*J34))))+IF(colas=2,NORMSDIST((-K34*(1-1/(4*J34))-(Q34-(0.001*Q34))*SQRT(I34))/SQRT(1+K34^2/(2*J34))),0)))/(2*(0.001*Q34))),Q34) -> 0.60178543 | S34: =R34 -> 0.60178543
A35: Total de trazas de la semana | B35: =IF(ISNUMBER(B32),3*B32,"") | C35: =IF(ISNUMBER(C32),3*C32,"") | I35: 32 | J35: =I35-1 -> 31 | K35: =IF(colas=2,TINV(alfa,J35),TINV(2*alfa,J35)) -> 2.0395134 | L35: =IF(ISNUMBER($E$19),$E$19*SQRT(I35),"") -> 0.7179144 | M35: =IF(ISNUMBER($E$19),((1-NORMSDIST((K35*(1-1/(4*J35))-($E$19)*SQRT(I35))/SQRT(1+K35^2/(2*J35))))+IF(colas=2,NORMSDIST((-K35*(1-1/(4*J35))-($E$19)*SQRT(I35))/SQRT(1+K35^2/(2*J35))),0)),"") -> 0.1071967 | N35: =IF(ISNUMBER(M35),IF(M35>=potencia,I35,""),"") | O35: =(K35+TINV(2*(1-potencia),J35))/SQRT(I35) -> 0.59202109 | P35: =IFERROR(O35-(((1-NORMSDIST((K35*(1-1/(4*J35))-(O35)*SQRT(I35))/SQRT(1+K35^2/(2*J35))))+IF(colas=2,NORMSDIST((-K35*(1-1/(4*J35))-(O35)*SQRT(I35))/SQRT(1+K35^2/(2*J35))),0))-potencia)/((((1-NORMSDIST((K35*(1-1/(4*J35))-(O35+(0.001*O35))*SQRT(I35))/SQRT(1+K35^2/(2*J35))))+IF(colas=2,NORMSDIST((-K35*(1-1/(4*J35))-(O35+(0.001*O35))*SQRT(I35))/SQRT(1+K35^2/(2*J35))),0))-((1-NORMSDIST((K35*(1-1/(4*J35))-(O35-(0.001*O35))*SQRT(I35))/SQRT(1+K35^2/(2*J35))))+IF(colas=2,NORMSDIST((-K35*(1-1/(4*J35))-(O35-(0.001*O35))*SQRT(I35))/SQRT(1+K35^2/(2*J35))),0)))/(2*(0.001*O35))),O35) -> 0.59165503 | Q35: =IFERROR(P35-(((1-NORMSDIST((K35*(1-1/(4*J35))-(P35)*SQRT(I35))/SQRT(1+K35^2/(2*J35))))+IF(colas=2,NORMSDIST((-K35*(1-1/(4*J35))-(P35)*SQRT(I35))/SQRT(1+K35^2/(2*J35))),0))-potencia)/((((1-NORMSDIST((K35*(1-1/(4*J35))-(P35+(0.001*P35))*SQRT(I35))/SQRT(1+K35^2/(2*J35))))+IF(colas=2,NORMSDIST((-K35*(1-1/(4*J35))-(P35+(0.001*P35))*SQRT(I35))/SQRT(1+K35^2/(2*J35))),0))-((1-NORMSDIST((K35*(1-1/(4*J35))-(P35-(0.001*P35))*SQRT(I35))/SQRT(1+K35^2/(2*J35))))+IF(colas=2,NORMSDIST((-K35*(1-1/(4*J35))-(P35-(0.001*P35))*SQRT(I35))/SQRT(1+K35^2/(2*J35))),0)))/(2*(0.001*P35))),P35) -> 0.5916555 | R35: =IFERROR(Q35-(((1-NORMSDIST((K35*(1-1/(4*J35))-(Q35)*SQRT(I35))/SQRT(1+K35^2/(2*J35))))+IF(colas=2,NORMSDIST((-K35*(1-1/(4*J35))-(Q35)*SQRT(I35))/SQRT(1+K35^2/(2*J35))),0))-potencia)/((((1-NORMSDIST((K35*(1-1/(4*J35))-(Q35+(0.001*Q35))*SQRT(I35))/SQRT(1+K35^2/(2*J35))))+IF(colas=2,NORMSDIST((-K35*(1-1/(4*J35))-(Q35+(0.001*Q35))*SQRT(I35))/SQRT(1+K35^2/(2*J35))),0))-((1-NORMSDIST((K35*(1-1/(4*J35))-(Q35-(0.001*Q35))*SQRT(I35))/SQRT(1+K35^2/(2*J35))))+IF(colas=2,NORMSDIST((-K35*(1-1/(4*J35))-(Q35-(0.001*Q35))*SQRT(I35))/SQRT(1+K35^2/(2*J35))),0)))/(2*(0.001*Q35))),Q35) -> 0.5916555 | S35: =R35 -> 0.5916555
I36: 33 | J36: =I36-1 -> 32 | K36: =IF(colas=2,TINV(alfa,J36),TINV(2*alfa,J36)) -> 2.0369333 | L36: =IF(ISNUMBER($E$19),$E$19*SQRT(I36),"") -> 0.72904552 | M36: =IF(ISNUMBER($E$19),((1-NORMSDIST((K36*(1-1/(4*J36))-($E$19)*SQRT(I36))/SQRT(1+K36^2/(2*J36))))+IF(colas=2,NORMSDIST((-K36*(1-1/(4*J36))-($E$19)*SQRT(I36))/SQRT(1+K36^2/(2*J36))),0)),"") -> 0.10912897 | N36: =IF(ISNUMBER(M36),IF(M36>=potencia,I36,""),"") | O36: =(K36+TINV(2*(1-potencia),J36))/SQRT(I36) -> 0.58237787 | P36: =IFERROR(O36-(((1-NORMSDIST((K36*(1-1/(4*J36))-(O36)*SQRT(I36))/SQRT(1+K36^2/(2*J36))))+IF(colas=2,NORMSDIST((-K36*(1-1/(4*J36))-(O36)*SQRT(I36))/SQRT(1+K36^2/(2*J36))),0))-potencia)/((((1-NORMSDIST((K36*(1-1/(4*J36))-(O36+(0.001*O36))*SQRT(I36))/SQRT(1+K36^2/(2*J36))))+IF(colas=2,NORMSDIST((-K36*(1-1/(4*J36))-(O36+(0.001*O36))*SQRT(I36))/SQRT(1+K36^2/(2*J36))),0))-((1-NORMSDIST((K36*(1-1/(4*J36))-(O36-(0.001*O36))*SQRT(I36))/SQRT(1+K36^2/(2*J36))))+IF(colas=2,NORMSDIST((-K36*(1-1/(4*J36))-(O36-(0.001*O36))*SQRT(I36))/SQRT(1+K36^2/(2*J36))),0)))/(2*(0.001*O36))),O36) -> 0.58202118 | Q36: =IFERROR(P36-(((1-NORMSDIST((K36*(1-1/(4*J36))-(P36)*SQRT(I36))/SQRT(1+K36^2/(2*J36))))+IF(colas=2,NORMSDIST((-K36*(1-1/(4*J36))-(P36)*SQRT(I36))/SQRT(1+K36^2/(2*J36))),0))-potencia)/((((1-NORMSDIST((K36*(1-1/(4*J36))-(P36+(0.001*P36))*SQRT(I36))/SQRT(1+K36^2/(2*J36))))+IF(colas=2,NORMSDIST((-K36*(1-1/(4*J36))-(P36+(0.001*P36))*SQRT(I36))/SQRT(1+K36^2/(2*J36))),0))-((1-NORMSDIST((K36*(1-1/(4*J36))-(P36-(0.001*P36))*SQRT(I36))/SQRT(1+K36^2/(2*J36))))+IF(colas=2,NORMSDIST((-K36*(1-1/(4*J36))-(P36-(0.001*P36))*SQRT(I36))/SQRT(1+K36^2/(2*J36))),0)))/(2*(0.001*P36))),P36) -> 0.58202164 | R36: =IFERROR(Q36-(((1-NORMSDIST((K36*(1-1/(4*J36))-(Q36)*SQRT(I36))/SQRT(1+K36^2/(2*J36))))+IF(colas=2,NORMSDIST((-K36*(1-1/(4*J36))-(Q36)*SQRT(I36))/SQRT(1+K36^2/(2*J36))),0))-potencia)/((((1-NORMSDIST((K36*(1-1/(4*J36))-(Q36+(0.001*Q36))*SQRT(I36))/SQRT(1+K36^2/(2*J36))))+IF(colas=2,NORMSDIST((-K36*(1-1/(4*J36))-(Q36+(0.001*Q36))*SQRT(I36))/SQRT(1+K36^2/(2*J36))),0))-((1-NORMSDIST((K36*(1-1/(4*J36))-(Q36-(0.001*Q36))*SQRT(I36))/SQRT(1+K36^2/(2*J36))))+IF(colas=2,NORMSDIST((-K36*(1-1/(4*J36))-(Q36-(0.001*Q36))*SQRT(I36))/SQRT(1+K36^2/(2*J36))),0)))/(2*(0.001*Q36))),Q36) -> 0.58202164 | S36: =R36 -> 0.58202164
A37: Decisión: días de medición (3 = lun–mié; 4 = usar también el jueves 29) | B37: 3 | I37: 34 | J37: =I37-1 -> 33 | K37: =IF(colas=2,TINV(alfa,J37),TINV(2*alfa,J37)) -> 2.0345153 | L37: =IF(ISNUMBER($E$19),$E$19*SQRT(I37),"") -> 0.74000922 | M37: =IF(ISNUMBER($E$19),((1-NORMSDIST((K37*(1-1/(4*J37))-($E$19)*SQRT(I37))/SQRT(1+K37^2/(2*J37))))+IF(colas=2,NORMSDIST((-K37*(1-1/(4*J37))-($E$19)*SQRT(I37))/SQRT(1+K37^2/(2*J37))),0)),"") -> 0.1110644 | N37: =IF(ISNUMBER(M37),IF(M37>=potencia,I37,""),"") | O37: =(K37+TINV(2*(1-potencia),J37))/SQRT(I37) -> 0.57319156 | P37: =IFERROR(O37-(((1-NORMSDIST((K37*(1-1/(4*J37))-(O37)*SQRT(I37))/SQRT(1+K37^2/(2*J37))))+IF(colas=2,NORMSDIST((-K37*(1-1/(4*J37))-(O37)*SQRT(I37))/SQRT(1+K37^2/(2*J37))),0))-potencia)/((((1-NORMSDIST((K37*(1-1/(4*J37))-(O37+(0.001*O37))*SQRT(I37))/SQRT(1+K37^2/(2*J37))))+IF(colas=2,NORMSDIST((-K37*(1-1/(4*J37))-(O37+(0.001*O37))*SQRT(I37))/SQRT(1+K37^2/(2*J37))),0))-((1-NORMSDIST((K37*(1-1/(4*J37))-(O37-(0.001*O37))*SQRT(I37))/SQRT(1+K37^2/(2*J37))))+IF(colas=2,NORMSDIST((-K37*(1-1/(4*J37))-(O37-(0.001*O37))*SQRT(I37))/SQRT(1+K37^2/(2*J37))),0)))/(2*(0.001*O37))),O37) -> 0.57284412 | Q37: =IFERROR(P37-(((1-NORMSDIST((K37*(1-1/(4*J37))-(P37)*SQRT(I37))/SQRT(1+K37^2/(2*J37))))+IF(colas=2,NORMSDIST((-K37*(1-1/(4*J37))-(P37)*SQRT(I37))/SQRT(1+K37^2/(2*J37))),0))-potencia)/((((1-NORMSDIST((K37*(1-1/(4*J37))-(P37+(0.001*P37))*SQRT(I37))/SQRT(1+K37^2/(2*J37))))+IF(colas=2,NORMSDIST((-K37*(1-1/(4*J37))-(P37+(0.001*P37))*SQRT(I37))/SQRT(1+K37^2/(2*J37))),0))-((1-NORMSDIST((K37*(1-1/(4*J37))-(P37-(0.001*P37))*SQRT(I37))/SQRT(1+K37^2/(2*J37))))+IF(colas=2,NORMSDIST((-K37*(1-1/(4*J37))-(P37-(0.001*P37))*SQRT(I37))/SQRT(1+K37^2/(2*J37))),0)))/(2*(0.001*P37))),P37) -> 0.57284456 | R37: =IFERROR(Q37-(((1-NORMSDIST((K37*(1-1/(4*J37))-(Q37)*SQRT(I37))/SQRT(1+K37^2/(2*J37))))+IF(colas=2,NORMSDIST((-K37*(1-1/(4*J37))-(Q37)*SQRT(I37))/SQRT(1+K37^2/(2*J37))),0))-potencia)/((((1-NORMSDIST((K37*(1-1/(4*J37))-(Q37+(0.001*Q37))*SQRT(I37))/SQRT(1+K37^2/(2*J37))))+IF(colas=2,NORMSDIST((-K37*(1-1/(4*J37))-(Q37+(0.001*Q37))*SQRT(I37))/SQRT(1+K37^2/(2*J37))),0))-((1-NORMSDIST((K37*(1-1/(4*J37))-(Q37-(0.001*Q37))*SQRT(I37))/SQRT(1+K37^2/(2*J37))))+IF(colas=2,NORMSDIST((-K37*(1-1/(4*J37))-(Q37-(0.001*Q37))*SQRT(I37))/SQRT(1+K37^2/(2*J37))),0)))/(2*(0.001*Q37))),Q37) -> 0.57284456 | S37: =R37 -> 0.57284456
A38: Réplicas por corriente y por día del plan | B38: =IF(dias=4,IF(ISNUMBER(C32),C32/4,""),IF(ISNUMBER(B32),B32/3,"")) | G38: La hoja Plan semana arma el orden sorteado de cada día con este número (máximo 20). | I38: 35 | J38: =I38-1 -> 34 | K38: =IF(colas=2,TINV(alfa,J38),TINV(2*alfa,J38)) -> 2.0322445 | L38: =IF(ISNUMBER($E$19),$E$19*SQRT(I38),"") -> 0.75081285 | M38: =IF(ISNUMBER($E$19),((1-NORMSDIST((K38*(1-1/(4*J38))-($E$19)*SQRT(I38))/SQRT(1+K38^2/(2*J38))))+IF(colas=2,NORMSDIST((-K38*(1-1/(4*J38))-($E$19)*SQRT(I38))/SQRT(1+K38^2/(2*J38))),0)),"") -> 0.11300281 | N38: =IF(ISNUMBER(M38),IF(M38>=potencia,I38,""),"") | O38: =(K38+TINV(2*(1-potencia),J38))/SQRT(I38) -> 0.56442716 | P38: =IFERROR(O38-(((1-NORMSDIST((K38*(1-1/(4*J38))-(O38)*SQRT(I38))/SQRT(1+K38^2/(2*J38))))+IF(colas=2,NORMSDIST((-K38*(1-1/(4*J38))-(O38)*SQRT(I38))/SQRT(1+K38^2/(2*J38))),0))-potencia)/((((1-NORMSDIST((K38*(1-1/(4*J38))-(O38+(0.001*O38))*SQRT(I38))/SQRT(1+K38^2/(2*J38))))+IF(colas=2,NORMSDIST((-K38*(1-1/(4*J38))-(O38+(0.001*O38))*SQRT(I38))/SQRT(1+K38^2/(2*J38))),0))-((1-NORMSDIST((K38*(1-1/(4*J38))-(O38-(0.001*O38))*SQRT(I38))/SQRT(1+K38^2/(2*J38))))+IF(colas=2,NORMSDIST((-K38*(1-1/(4*J38))-(O38-(0.001*O38))*SQRT(I38))/SQRT(1+K38^2/(2*J38))),0)))/(2*(0.001*O38))),O38) -> 0.56408879 | Q38: =IFERROR(P38-(((1-NORMSDIST((K38*(1-1/(4*J38))-(P38)*SQRT(I38))/SQRT(1+K38^2/(2*J38))))+IF(colas=2,NORMSDIST((-K38*(1-1/(4*J38))-(P38)*SQRT(I38))/SQRT(1+K38^2/(2*J38))),0))-potencia)/((((1-NORMSDIST((K38*(1-1/(4*J38))-(P38+(0.001*P38))*SQRT(I38))/SQRT(1+K38^2/(2*J38))))+IF(colas=2,NORMSDIST((-K38*(1-1/(4*J38))-(P38+(0.001*P38))*SQRT(I38))/SQRT(1+K38^2/(2*J38))),0))-((1-NORMSDIST((K38*(1-1/(4*J38))-(P38-(0.001*P38))*SQRT(I38))/SQRT(1+K38^2/(2*J38))))+IF(colas=2,NORMSDIST((-K38*(1-1/(4*J38))-(P38-(0.001*P38))*SQRT(I38))/SQRT(1+K38^2/(2*J38))),0)))/(2*(0.001*P38))),P38) -> 0.56408921 | R38: =IFERROR(Q38-(((1-NORMSDIST((K38*(1-1/(4*J38))-(Q38)*SQRT(I38))/SQRT(1+K38^2/(2*J38))))+IF(colas=2,NORMSDIST((-K38*(1-1/(4*J38))-(Q38)*SQRT(I38))/SQRT(1+K38^2/(2*J38))),0))-potencia)/((((1-NORMSDIST((K38*(1-1/(4*J38))-(Q38+(0.001*Q38))*SQRT(I38))/SQRT(1+K38^2/(2*J38))))+IF(colas=2,NORMSDIST((-K38*(1-1/(4*J38))-(Q38+(0.001*Q38))*SQRT(I38))/SQRT(1+K38^2/(2*J38))),0))-((1-NORMSDIST((K38*(1-1/(4*J38))-(Q38-(0.001*Q38))*SQRT(I38))/SQRT(1+K38^2/(2*J38))))+IF(colas=2,NORMSDIST((-K38*(1-1/(4*J38))-(Q38-(0.001*Q38))*SQRT(I38))/SQRT(1+K38^2/(2*J38))),0)))/(2*(0.001*Q38))),Q38) -> 0.56408921 | S38: =R38 -> 0.56408921
A39: n por corriente del plan | B39: =IF(ISNUMBER(B38),B38*dias,"") | I39: 36 | J39: =I39-1 -> 35 | K39: =IF(colas=2,TINV(alfa,J39),TINV(2*alfa,J39)) -> 2.0301079 | L39: =IF(ISNUMBER($E$19),$E$19*SQRT(I39),"") -> 0.76146321 | M39: =IF(ISNUMBER($E$19),((1-NORMSDIST((K39*(1-1/(4*J39))-($E$19)*SQRT(I39))/SQRT(1+K39^2/(2*J39))))+IF(colas=2,NORMSDIST((-K39*(1-1/(4*J39))-($E$19)*SQRT(I39))/SQRT(1+K39^2/(2*J39))),0)),"") -> 0.11494406 | N39: =IF(ISNUMBER(M39),IF(M39>=potencia,I39,""),"") | O39: =(K39+TINV(2*(1-potencia),J39))/SQRT(I39) -> 0.55605329 | P39: =IFERROR(O39-(((1-NORMSDIST((K39*(1-1/(4*J39))-(O39)*SQRT(I39))/SQRT(1+K39^2/(2*J39))))+IF(colas=2,NORMSDIST((-K39*(1-1/(4*J39))-(O39)*SQRT(I39))/SQRT(1+K39^2/(2*J39))),0))-potencia)/((((1-NORMSDIST((K39*(1-1/(4*J39))-(O39+(0.001*O39))*SQRT(I39))/SQRT(1+K39^2/(2*J39))))+IF(colas=2,NORMSDIST((-K39*(1-1/(4*J39))-(O39+(0.001*O39))*SQRT(I39))/SQRT(1+K39^2/(2*J39))),0))-((1-NORMSDIST((K39*(1-1/(4*J39))-(O39-(0.001*O39))*SQRT(I39))/SQRT(1+K39^2/(2*J39))))+IF(colas=2,NORMSDIST((-K39*(1-1/(4*J39))-(O39-(0.001*O39))*SQRT(I39))/SQRT(1+K39^2/(2*J39))),0)))/(2*(0.001*O39))),O39) -> 0.55572378 | Q39: =IFERROR(P39-(((1-NORMSDIST((K39*(1-1/(4*J39))-(P39)*SQRT(I39))/SQRT(1+K39^2/(2*J39))))+IF(colas=2,NORMSDIST((-K39*(1-1/(4*J39))-(P39)*SQRT(I39))/SQRT(1+K39^2/(2*J39))),0))-potencia)/((((1-NORMSDIST((K39*(1-1/(4*J39))-(P39+(0.001*P39))*SQRT(I39))/SQRT(1+K39^2/(2*J39))))+IF(colas=2,NORMSDIST((-K39*(1-1/(4*J39))-(P39+(0.001*P39))*SQRT(I39))/SQRT(1+K39^2/(2*J39))),0))-((1-NORMSDIST((K39*(1-1/(4*J39))-(P39-(0.001*P39))*SQRT(I39))/SQRT(1+K39^2/(2*J39))))+IF(colas=2,NORMSDIST((-K39*(1-1/(4*J39))-(P39-(0.001*P39))*SQRT(I39))/SQRT(1+K39^2/(2*J39))),0)))/(2*(0.001*P39))),P39) -> 0.55572418 | R39: =IFERROR(Q39-(((1-NORMSDIST((K39*(1-1/(4*J39))-(Q39)*SQRT(I39))/SQRT(1+K39^2/(2*J39))))+IF(colas=2,NORMSDIST((-K39*(1-1/(4*J39))-(Q39)*SQRT(I39))/SQRT(1+K39^2/(2*J39))),0))-potencia)/((((1-NORMSDIST((K39*(1-1/(4*J39))-(Q39+(0.001*Q39))*SQRT(I39))/SQRT(1+K39^2/(2*J39))))+IF(colas=2,NORMSDIST((-K39*(1-1/(4*J39))-(Q39+(0.001*Q39))*SQRT(I39))/SQRT(1+K39^2/(2*J39))),0))-((1-NORMSDIST((K39*(1-1/(4*J39))-(Q39-(0.001*Q39))*SQRT(I39))/SQRT(1+K39^2/(2*J39))))+IF(colas=2,NORMSDIST((-K39*(1-1/(4*J39))-(Q39-(0.001*Q39))*SQRT(I39))/SQRT(1+K39^2/(2*J39))),0)))/(2*(0.001*Q39))),Q39) -> 0.55572418 | S39: =R39 -> 0.55572418
I40: 37 | J40: =I40-1 -> 36 | K40: =IF(colas=2,TINV(alfa,J40),TINV(2*alfa,J40)) -> 2.028094 | L40: =IF(ISNUMBER($E$19),$E$19*SQRT(I40),"") -> 0.77196665 | M40: =IF(ISNUMBER($E$19),((1-NORMSDIST((K40*(1-1/(4*J40))-($E$19)*SQRT(I40))/SQRT(1+K40^2/(2*J40))))+IF(colas=2,NORMSDIST((-K40*(1-1/(4*J40))-($E$19)*SQRT(I40))/SQRT(1+K40^2/(2*J40))),0)),"") -> 0.116888 | N40: =IF(ISNUMBER(M40),IF(M40>=potencia,I40,""),"") | O40: =(K40+TINV(2*(1-potencia),J40))/SQRT(I40) -> 0.54804176 | P40: =IFERROR(O40-(((1-NORMSDIST((K40*(1-1/(4*J40))-(O40)*SQRT(I40))/SQRT(1+K40^2/(2*J40))))+IF(colas=2,NORMSDIST((-K40*(1-1/(4*J40))-(O40)*SQRT(I40))/SQRT(1+K40^2/(2*J40))),0))-potencia)/((((1-NORMSDIST((K40*(1-1/(4*J40))-(O40+(0.001*O40))*SQRT(I40))/SQRT(1+K40^2/(2*J40))))+IF(colas=2,NORMSDIST((-K40*(1-1/(4*J40))-(O40+(0.001*O40))*SQRT(I40))/SQRT(1+K40^2/(2*J40))),0))-((1-NORMSDIST((K40*(1-1/(4*J40))-(O40-(0.001*O40))*SQRT(I40))/SQRT(1+K40^2/(2*J40))))+IF(colas=2,NORMSDIST((-K40*(1-1/(4*J40))-(O40-(0.001*O40))*SQRT(I40))/SQRT(1+K40^2/(2*J40))),0)))/(2*(0.001*O40))),O40) -> 0.54772088 | Q40: =IFERROR(P40-(((1-NORMSDIST((K40*(1-1/(4*J40))-(P40)*SQRT(I40))/SQRT(1+K40^2/(2*J40))))+IF(colas=2,NORMSDIST((-K40*(1-1/(4*J40))-(P40)*SQRT(I40))/SQRT(1+K40^2/(2*J40))),0))-potencia)/((((1-NORMSDIST((K40*(1-1/(4*J40))-(P40+(0.001*P40))*SQRT(I40))/SQRT(1+K40^2/(2*J40))))+IF(colas=2,NORMSDIST((-K40*(1-1/(4*J40))-(P40+(0.001*P40))*SQRT(I40))/SQRT(1+K40^2/(2*J40))),0))-((1-NORMSDIST((K40*(1-1/(4*J40))-(P40-(0.001*P40))*SQRT(I40))/SQRT(1+K40^2/(2*J40))))+IF(colas=2,NORMSDIST((-K40*(1-1/(4*J40))-(P40-(0.001*P40))*SQRT(I40))/SQRT(1+K40^2/(2*J40))),0)))/(2*(0.001*P40))),P40) -> 0.54772127 | R40: =IFERROR(Q40-(((1-NORMSDIST((K40*(1-1/(4*J40))-(Q40)*SQRT(I40))/SQRT(1+K40^2/(2*J40))))+IF(colas=2,NORMSDIST((-K40*(1-1/(4*J40))-(Q40)*SQRT(I40))/SQRT(1+K40^2/(2*J40))),0))-potencia)/((((1-NORMSDIST((K40*(1-1/(4*J40))-(Q40+(0.001*Q40))*SQRT(I40))/SQRT(1+K40^2/(2*J40))))+IF(colas=2,NORMSDIST((-K40*(1-1/(4*J40))-(Q40+(0.001*Q40))*SQRT(I40))/SQRT(1+K40^2/(2*J40))),0))-((1-NORMSDIST((K40*(1-1/(4*J40))-(Q40-(0.001*Q40))*SQRT(I40))/SQRT(1+K40^2/(2*J40))))+IF(colas=2,NORMSDIST((-K40*(1-1/(4*J40))-(Q40-(0.001*Q40))*SQRT(I40))/SQRT(1+K40^2/(2*J40))),0)))/(2*(0.001*Q40))),Q40) -> 0.54772127 | S40: =R40 -> 0.54772127
I41: 38 | J41: =I41-1 -> 37 | K41: =IF(colas=2,TINV(alfa,J41),TINV(2*alfa,J41)) -> 2.0261925 | L41: =IF(ISNUMBER($E$19),$E$19*SQRT(I41),"") -> 0.78232908 | M41: =IF(ISNUMBER($E$19),((1-NORMSDIST((K41*(1-1/(4*J41))-($E$19)*SQRT(I41))/SQRT(1+K41^2/(2*J41))))+IF(colas=2,NORMSDIST((-K41*(1-1/(4*J41))-($E$19)*SQRT(I41))/SQRT(1+K41^2/(2*J41))),0)),"") -> 0.1188345 | N41: =IF(ISNUMBER(M41),IF(M41>=potencia,I41,""),"") | O41: =(K41+TINV(2*(1-potencia),J41))/SQRT(I41) -> 0.54036715 | P41: =IFERROR(O41-(((1-NORMSDIST((K41*(1-1/(4*J41))-(O41)*SQRT(I41))/SQRT(1+K41^2/(2*J41))))+IF(colas=2,NORMSDIST((-K41*(1-1/(4*J41))-(O41)*SQRT(I41))/SQRT(1+K41^2/(2*J41))),0))-potencia)/((((1-NORMSDIST((K41*(1-1/(4*J41))-(O41+(0.001*O41))*SQRT(I41))/SQRT(1+K41^2/(2*J41))))+IF(colas=2,NORMSDIST((-K41*(1-1/(4*J41))-(O41+(0.001*O41))*SQRT(I41))/SQRT(1+K41^2/(2*J41))),0))-((1-NORMSDIST((K41*(1-1/(4*J41))-(O41-(0.001*O41))*SQRT(I41))/SQRT(1+K41^2/(2*J41))))+IF(colas=2,NORMSDIST((-K41*(1-1/(4*J41))-(O41-(0.001*O41))*SQRT(I41))/SQRT(1+K41^2/(2*J41))),0)))/(2*(0.001*O41))),O41) -> 0.54005466 | Q41: =IFERROR(P41-(((1-NORMSDIST((K41*(1-1/(4*J41))-(P41)*SQRT(I41))/SQRT(1+K41^2/(2*J41))))+IF(colas=2,NORMSDIST((-K41*(1-1/(4*J41))-(P41)*SQRT(I41))/SQRT(1+K41^2/(2*J41))),0))-potencia)/((((1-NORMSDIST((K41*(1-1/(4*J41))-(P41+(0.001*P41))*SQRT(I41))/SQRT(1+K41^2/(2*J41))))+IF(colas=2,NORMSDIST((-K41*(1-1/(4*J41))-(P41+(0.001*P41))*SQRT(I41))/SQRT(1+K41^2/(2*J41))),0))-((1-NORMSDIST((K41*(1-1/(4*J41))-(P41-(0.001*P41))*SQRT(I41))/SQRT(1+K41^2/(2*J41))))+IF(colas=2,NORMSDIST((-K41*(1-1/(4*J41))-(P41-(0.001*P41))*SQRT(I41))/SQRT(1+K41^2/(2*J41))),0)))/(2*(0.001*P41))),P41) -> 0.54005503 | R41: =IFERROR(Q41-(((1-NORMSDIST((K41*(1-1/(4*J41))-(Q41)*SQRT(I41))/SQRT(1+K41^2/(2*J41))))+IF(colas=2,NORMSDIST((-K41*(1-1/(4*J41))-(Q41)*SQRT(I41))/SQRT(1+K41^2/(2*J41))),0))-potencia)/((((1-NORMSDIST((K41*(1-1/(4*J41))-(Q41+(0.001*Q41))*SQRT(I41))/SQRT(1+K41^2/(2*J41))))+IF(colas=2,NORMSDIST((-K41*(1-1/(4*J41))-(Q41+(0.001*Q41))*SQRT(I41))/SQRT(1+K41^2/(2*J41))),0))-((1-NORMSDIST((K41*(1-1/(4*J41))-(Q41-(0.001*Q41))*SQRT(I41))/SQRT(1+K41^2/(2*J41))))+IF(colas=2,NORMSDIST((-K41*(1-1/(4*J41))-(Q41-(0.001*Q41))*SQRT(I41))/SQRT(1+K41^2/(2*J41))),0)))/(2*(0.001*Q41))),Q41) -> 0.54005503 | S41: =R41 -> 0.54005503
I42: 39 | J42: =I42-1 -> 38 | K42: =IF(colas=2,TINV(alfa,J42),TINV(2*alfa,J42)) -> 2.0243942 | L42: =IF(ISNUMBER($E$19),$E$19*SQRT(I42),"") -> 0.79255604 | M42: =IF(ISNUMBER($E$19),((1-NORMSDIST((K42*(1-1/(4*J42))-($E$19)*SQRT(I42))/SQRT(1+K42^2/(2*J42))))+IF(colas=2,NORMSDIST((-K42*(1-1/(4*J42))-($E$19)*SQRT(I42))/SQRT(1+K42^2/(2*J42))),0)),"") -> 0.12078346 | N42: =IF(ISNUMBER(M42),IF(M42>=potencia,I42,""),"") | O42: =(K42+TINV(2*(1-potencia),J42))/SQRT(I42) -> 0.53300647 | P42: =IFERROR(O42-(((1-NORMSDIST((K42*(1-1/(4*J42))-(O42)*SQRT(I42))/SQRT(1+K42^2/(2*J42))))+IF(colas=2,NORMSDIST((-K42*(1-1/(4*J42))-(O42)*SQRT(I42))/SQRT(1+K42^2/(2*J42))),0))-potencia)/((((1-NORMSDIST((K42*(1-1/(4*J42))-(O42+(0.001*O42))*SQRT(I42))/SQRT(1+K42^2/(2*J42))))+IF(colas=2,NORMSDIST((-K42*(1-1/(4*J42))-(O42+(0.001*O42))*SQRT(I42))/SQRT(1+K42^2/(2*J42))),0))-((1-NORMSDIST((K42*(1-1/(4*J42))-(O42-(0.001*O42))*SQRT(I42))/SQRT(1+K42^2/(2*J42))))+IF(colas=2,NORMSDIST((-K42*(1-1/(4*J42))-(O42-(0.001*O42))*SQRT(I42))/SQRT(1+K42^2/(2*J42))),0)))/(2*(0.001*O42))),O42) -> 0.53270211 | Q42: =IFERROR(P42-(((1-NORMSDIST((K42*(1-1/(4*J42))-(P42)*SQRT(I42))/SQRT(1+K42^2/(2*J42))))+IF(colas=2,NORMSDIST((-K42*(1-1/(4*J42))-(P42)*SQRT(I42))/SQRT(1+K42^2/(2*J42))),0))-potencia)/((((1-NORMSDIST((K42*(1-1/(4*J42))-(P42+(0.001*P42))*SQRT(I42))/SQRT(1+K42^2/(2*J42))))+IF(colas=2,NORMSDIST((-K42*(1-1/(4*J42))-(P42+(0.001*P42))*SQRT(I42))/SQRT(1+K42^2/(2*J42))),0))-((1-NORMSDIST((K42*(1-1/(4*J42))-(P42-(0.001*P42))*SQRT(I42))/SQRT(1+K42^2/(2*J42))))+IF(colas=2,NORMSDIST((-K42*(1-1/(4*J42))-(P42-(0.001*P42))*SQRT(I42))/SQRT(1+K42^2/(2*J42))),0)))/(2*(0.001*P42))),P42) -> 0.53270247 | R42: =IFERROR(Q42-(((1-NORMSDIST((K42*(1-1/(4*J42))-(Q42)*SQRT(I42))/SQRT(1+K42^2/(2*J42))))+IF(colas=2,NORMSDIST((-K42*(1-1/(4*J42))-(Q42)*SQRT(I42))/SQRT(1+K42^2/(2*J42))),0))-potencia)/((((1-NORMSDIST((K42*(1-1/(4*J42))-(Q42+(0.001*Q42))*SQRT(I42))/SQRT(1+K42^2/(2*J42))))+IF(colas=2,NORMSDIST((-K42*(1-1/(4*J42))-(Q42+(0.001*Q42))*SQRT(I42))/SQRT(1+K42^2/(2*J42))),0))-((1-NORMSDIST((K42*(1-1/(4*J42))-(Q42-(0.001*Q42))*SQRT(I42))/SQRT(1+K42^2/(2*J42))))+IF(colas=2,NORMSDIST((-K42*(1-1/(4*J42))-(Q42-(0.001*Q42))*SQRT(I42))/SQRT(1+K42^2/(2*J42))),0)))/(2*(0.001*Q42))),Q42) -> 0.53270247 | S42: =R42 -> 0.53270247
I43: 40 | J43: =I43-1 -> 39 | K43: =IF(colas=2,TINV(alfa,J43),TINV(2*alfa,J43)) -> 2.0226909 | L43: =IF(ISNUMBER($E$19),$E$19*SQRT(I43),"") -> 0.8026527 | M43: =IF(ISNUMBER($E$19),((1-NORMSDIST((K43*(1-1/(4*J43))-($E$19)*SQRT(I43))/SQRT(1+K43^2/(2*J43))))+IF(colas=2,NORMSDIST((-K43*(1-1/(4*J43))-($E$19)*SQRT(I43))/SQRT(1+K43^2/(2*J43))),0)),"") -> 0.12273476 | N43: =IF(ISNUMBER(M43),IF(M43>=potencia,I43,""),"") | O43: =(K43+TINV(2*(1-potencia),J43))/SQRT(I43) -> 0.52593887 | P43: =IFERROR(O43-(((1-NORMSDIST((K43*(1-1/(4*J43))-(O43)*SQRT(I43))/SQRT(1+K43^2/(2*J43))))+IF(colas=2,NORMSDIST((-K43*(1-1/(4*J43))-(O43)*SQRT(I43))/SQRT(1+K43^2/(2*J43))),0))-potencia)/((((1-NORMSDIST((K43*(1-1/(4*J43))-(O43+(0.001*O43))*SQRT(I43))/SQRT(1+K43^2/(2*J43))))+IF(colas=2,NORMSDIST((-K43*(1-1/(4*J43))-(O43+(0.001*O43))*SQRT(I43))/SQRT(1+K43^2/(2*J43))),0))-((1-NORMSDIST((K43*(1-1/(4*J43))-(O43-(0.001*O43))*SQRT(I43))/SQRT(1+K43^2/(2*J43))))+IF(colas=2,NORMSDIST((-K43*(1-1/(4*J43))-(O43-(0.001*O43))*SQRT(I43))/SQRT(1+K43^2/(2*J43))),0)))/(2*(0.001*O43))),O43) -> 0.52564239 | Q43: =IFERROR(P43-(((1-NORMSDIST((K43*(1-1/(4*J43))-(P43)*SQRT(I43))/SQRT(1+K43^2/(2*J43))))+IF(colas=2,NORMSDIST((-K43*(1-1/(4*J43))-(P43)*SQRT(I43))/SQRT(1+K43^2/(2*J43))),0))-potencia)/((((1-NORMSDIST((K43*(1-1/(4*J43))-(P43+(0.001*P43))*SQRT(I43))/SQRT(1+K43^2/(2*J43))))+IF(colas=2,NORMSDIST((-K43*(1-1/(4*J43))-(P43+(0.001*P43))*SQRT(I43))/SQRT(1+K43^2/(2*J43))),0))-((1-NORMSDIST((K43*(1-1/(4*J43))-(P43-(0.001*P43))*SQRT(I43))/SQRT(1+K43^2/(2*J43))))+IF(colas=2,NORMSDIST((-K43*(1-1/(4*J43))-(P43-(0.001*P43))*SQRT(I43))/SQRT(1+K43^2/(2*J43))),0)))/(2*(0.001*P43))),P43) -> 0.52564273 | R43: =IFERROR(Q43-(((1-NORMSDIST((K43*(1-1/(4*J43))-(Q43)*SQRT(I43))/SQRT(1+K43^2/(2*J43))))+IF(colas=2,NORMSDIST((-K43*(1-1/(4*J43))-(Q43)*SQRT(I43))/SQRT(1+K43^2/(2*J43))),0))-potencia)/((((1-NORMSDIST((K43*(1-1/(4*J43))-(Q43+(0.001*Q43))*SQRT(I43))/SQRT(1+K43^2/(2*J43))))+IF(colas=2,NORMSDIST((-K43*(1-1/(4*J43))-(Q43+(0.001*Q43))*SQRT(I43))/SQRT(1+K43^2/(2*J43))),0))-((1-NORMSDIST((K43*(1-1/(4*J43))-(Q43-(0.001*Q43))*SQRT(I43))/SQRT(1+K43^2/(2*J43))))+IF(colas=2,NORMSDIST((-K43*(1-1/(4*J43))-(Q43-(0.001*Q43))*SQRT(I43))/SQRT(1+K43^2/(2*J43))),0)))/(2*(0.001*Q43))),Q43) -> 0.52564273 | S43: =R43 -> 0.52564273
I44: 41 | J44: =I44-1 -> 40 | K44: =IF(colas=2,TINV(alfa,J44),TINV(2*alfa,J44)) -> 2.0210754 | L44: =IF(ISNUMBER($E$19),$E$19*SQRT(I44),"") -> 0.81262392 | M44: =IF(ISNUMBER($E$19),((1-NORMSDIST((K44*(1-1/(4*J44))-($E$19)*SQRT(I44))/SQRT(1+K44^2/(2*J44))))+IF(colas=2,NORMSDIST((-K44*(1-1/(4*J44))-($E$19)*SQRT(I44))/SQRT(1+K44^2/(2*J44))),0)),"") -> 0.12468829 | N44: =IF(ISNUMBER(M44),IF(M44>=potencia,I44,""),"") | O44: =(K44+TINV(2*(1-potencia),J44))/SQRT(I44) -> 0.51914539 | P44: =IFERROR(O44-(((1-NORMSDIST((K44*(1-1/(4*J44))-(O44)*SQRT(I44))/SQRT(1+K44^2/(2*J44))))+IF(colas=2,NORMSDIST((-K44*(1-1/(4*J44))-(O44)*SQRT(I44))/SQRT(1+K44^2/(2*J44))),0))-potencia)/((((1-NORMSDIST((K44*(1-1/(4*J44))-(O44+(0.001*O44))*SQRT(I44))/SQRT(1+K44^2/(2*J44))))+IF(colas=2,NORMSDIST((-K44*(1-1/(4*J44))-(O44+(0.001*O44))*SQRT(I44))/SQRT(1+K44^2/(2*J44))),0))-((1-NORMSDIST((K44*(1-1/(4*J44))-(O44-(0.001*O44))*SQRT(I44))/SQRT(1+K44^2/(2*J44))))+IF(colas=2,NORMSDIST((-K44*(1-1/(4*J44))-(O44-(0.001*O44))*SQRT(I44))/SQRT(1+K44^2/(2*J44))),0)))/(2*(0.001*O44))),O44) -> 0.51885653 | Q44: =IFERROR(P44-(((1-NORMSDIST((K44*(1-1/(4*J44))-(P44)*SQRT(I44))/SQRT(1+K44^2/(2*J44))))+IF(colas=2,NORMSDIST((-K44*(1-1/(4*J44))-(P44)*SQRT(I44))/SQRT(1+K44^2/(2*J44))),0))-potencia)/((((1-NORMSDIST((K44*(1-1/(4*J44))-(P44+(0.001*P44))*SQRT(I44))/SQRT(1+K44^2/(2*J44))))+IF(colas=2,NORMSDIST((-K44*(1-1/(4*J44))-(P44+(0.001*P44))*SQRT(I44))/SQRT(1+K44^2/(2*J44))),0))-((1-NORMSDIST((K44*(1-1/(4*J44))-(P44-(0.001*P44))*SQRT(I44))/SQRT(1+K44^2/(2*J44))))+IF(colas=2,NORMSDIST((-K44*(1-1/(4*J44))-(P44-(0.001*P44))*SQRT(I44))/SQRT(1+K44^2/(2*J44))),0)))/(2*(0.001*P44))),P44) -> 0.51885686 | R44: =IFERROR(Q44-(((1-NORMSDIST((K44*(1-1/(4*J44))-(Q44)*SQRT(I44))/SQRT(1+K44^2/(2*J44))))+IF(colas=2,NORMSDIST((-K44*(1-1/(4*J44))-(Q44)*SQRT(I44))/SQRT(1+K44^2/(2*J44))),0))-potencia)/((((1-NORMSDIST((K44*(1-1/(4*J44))-(Q44+(0.001*Q44))*SQRT(I44))/SQRT(1+K44^2/(2*J44))))+IF(colas=2,NORMSDIST((-K44*(1-1/(4*J44))-(Q44+(0.001*Q44))*SQRT(I44))/SQRT(1+K44^2/(2*J44))),0))-((1-NORMSDIST((K44*(1-1/(4*J44))-(Q44-(0.001*Q44))*SQRT(I44))/SQRT(1+K44^2/(2*J44))))+IF(colas=2,NORMSDIST((-K44*(1-1/(4*J44))-(Q44-(0.001*Q44))*SQRT(I44))/SQRT(1+K44^2/(2*J44))),0)))/(2*(0.001*Q44))),Q44) -> 0.51885686 | S44: =R44 -> 0.51885686
I45: 42 | J45: =I45-1 -> 41 | K45: =IF(colas=2,TINV(alfa,J45),TINV(2*alfa,J45)) -> 2.019541 | L45: =IF(ISNUMBER($E$19),$E$19*SQRT(I45),"") -> 0.82247427 | M45: =IF(ISNUMBER($E$19),((1-NORMSDIST((K45*(1-1/(4*J45))-($E$19)*SQRT(I45))/SQRT(1+K45^2/(2*J45))))+IF(colas=2,NORMSDIST((-K45*(1-1/(4*J45))-($E$19)*SQRT(I45))/SQRT(1+K45^2/(2*J45))),0)),"") -> 0.12664398 | N45: =IF(ISNUMBER(M45),IF(M45>=potencia,I45,""),"") | O45: =(K45+TINV(2*(1-potencia),J45))/SQRT(I45) -> 0.51260874 | P45: =IFERROR(O45-(((1-NORMSDIST((K45*(1-1/(4*J45))-(O45)*SQRT(I45))/SQRT(1+K45^2/(2*J45))))+IF(colas=2,NORMSDIST((-K45*(1-1/(4*J45))-(O45)*SQRT(I45))/SQRT(1+K45^2/(2*J45))),0))-potencia)/((((1-NORMSDIST((K45*(1-1/(4*J45))-(O45+(0.001*O45))*SQRT(I45))/SQRT(1+K45^2/(2*J45))))+IF(colas=2,NORMSDIST((-K45*(1-1/(4*J45))-(O45+(0.001*O45))*SQRT(I45))/SQRT(1+K45^2/(2*J45))),0))-((1-NORMSDIST((K45*(1-1/(4*J45))-(O45-(0.001*O45))*SQRT(I45))/SQRT(1+K45^2/(2*J45))))+IF(colas=2,NORMSDIST((-K45*(1-1/(4*J45))-(O45-(0.001*O45))*SQRT(I45))/SQRT(1+K45^2/(2*J45))),0)))/(2*(0.001*O45))),O45) -> 0.51232724 | Q45: =IFERROR(P45-(((1-NORMSDIST((K45*(1-1/(4*J45))-(P45)*SQRT(I45))/SQRT(1+K45^2/(2*J45))))+IF(colas=2,NORMSDIST((-K45*(1-1/(4*J45))-(P45)*SQRT(I45))/SQRT(1+K45^2/(2*J45))),0))-potencia)/((((1-NORMSDIST((K45*(1-1/(4*J45))-(P45+(0.001*P45))*SQRT(I45))/SQRT(1+K45^2/(2*J45))))+IF(colas=2,NORMSDIST((-K45*(1-1/(4*J45))-(P45+(0.001*P45))*SQRT(I45))/SQRT(1+K45^2/(2*J45))),0))-((1-NORMSDIST((K45*(1-1/(4*J45))-(P45-(0.001*P45))*SQRT(I45))/SQRT(1+K45^2/(2*J45))))+IF(colas=2,NORMSDIST((-K45*(1-1/(4*J45))-(P45-(0.001*P45))*SQRT(I45))/SQRT(1+K45^2/(2*J45))),0)))/(2*(0.001*P45))),P45) -> 0.51232756 | R45: =IFERROR(Q45-(((1-NORMSDIST((K45*(1-1/(4*J45))-(Q45)*SQRT(I45))/SQRT(1+K45^2/(2*J45))))+IF(colas=2,NORMSDIST((-K45*(1-1/(4*J45))-(Q45)*SQRT(I45))/SQRT(1+K45^2/(2*J45))),0))-potencia)/((((1-NORMSDIST((K45*(1-1/(4*J45))-(Q45+(0.001*Q45))*SQRT(I45))/SQRT(1+K45^2/(2*J45))))+IF(colas=2,NORMSDIST((-K45*(1-1/(4*J45))-(Q45+(0.001*Q45))*SQRT(I45))/SQRT(1+K45^2/(2*J45))),0))-((1-NORMSDIST((K45*(1-1/(4*J45))-(Q45-(0.001*Q45))*SQRT(I45))/SQRT(1+K45^2/(2*J45))))+IF(colas=2,NORMSDIST((-K45*(1-1/(4*J45))-(Q45-(0.001*Q45))*SQRT(I45))/SQRT(1+K45^2/(2*J45))),0)))/(2*(0.001*Q45))),Q45) -> 0.51232756 | S45: =R45 -> 0.51232756
I46: 43 | J46: =I46-1 -> 42 | K46: =IF(colas=2,TINV(alfa,J46),TINV(2*alfa,J46)) -> 2.0180817 | L46: =IF(ISNUMBER($E$19),$E$19*SQRT(I46),"") -> 0.83220803 | M46: =IF(ISNUMBER($E$19),((1-NORMSDIST((K46*(1-1/(4*J46))-($E$19)*SQRT(I46))/SQRT(1+K46^2/(2*J46))))+IF(colas=2,NORMSDIST((-K46*(1-1/(4*J46))-($E$19)*SQRT(I46))/SQRT(1+K46^2/(2*J46))),0)),"") -> 0.12860171 | N46: =IF(ISNUMBER(M46),IF(M46>=potencia,I46,""),"") | O46: =(K46+TINV(2*(1-potencia),J46))/SQRT(I46) -> 0.50631312 | P46: =IFERROR(O46-(((1-NORMSDIST((K46*(1-1/(4*J46))-(O46)*SQRT(I46))/SQRT(1+K46^2/(2*J46))))+IF(colas=2,NORMSDIST((-K46*(1-1/(4*J46))-(O46)*SQRT(I46))/SQRT(1+K46^2/(2*J46))),0))-potencia)/((((1-NORMSDIST((K46*(1-1/(4*J46))-(O46+(0.001*O46))*SQRT(I46))/SQRT(1+K46^2/(2*J46))))+IF(colas=2,NORMSDIST((-K46*(1-1/(4*J46))-(O46+(0.001*O46))*SQRT(I46))/SQRT(1+K46^2/(2*J46))),0))-((1-NORMSDIST((K46*(1-1/(4*J46))-(O46-(0.001*O46))*SQRT(I46))/SQRT(1+K46^2/(2*J46))))+IF(colas=2,NORMSDIST((-K46*(1-1/(4*J46))-(O46-(0.001*O46))*SQRT(I46))/SQRT(1+K46^2/(2*J46))),0)))/(2*(0.001*O46))),O46) -> 0.50603874 | Q46: =IFERROR(P46-(((1-NORMSDIST((K46*(1-1/(4*J46))-(P46)*SQRT(I46))/SQRT(1+K46^2/(2*J46))))+IF(colas=2,NORMSDIST((-K46*(1-1/(4*J46))-(P46)*SQRT(I46))/SQRT(1+K46^2/(2*J46))),0))-potencia)/((((1-NORMSDIST((K46*(1-1/(4*J46))-(P46+(0.001*P46))*SQRT(I46))/SQRT(1+K46^2/(2*J46))))+IF(colas=2,NORMSDIST((-K46*(1-1/(4*J46))-(P46+(0.001*P46))*SQRT(I46))/SQRT(1+K46^2/(2*J46))),0))-((1-NORMSDIST((K46*(1-1/(4*J46))-(P46-(0.001*P46))*SQRT(I46))/SQRT(1+K46^2/(2*J46))))+IF(colas=2,NORMSDIST((-K46*(1-1/(4*J46))-(P46-(0.001*P46))*SQRT(I46))/SQRT(1+K46^2/(2*J46))),0)))/(2*(0.001*P46))),P46) -> 0.50603905 | R46: =IFERROR(Q46-(((1-NORMSDIST((K46*(1-1/(4*J46))-(Q46)*SQRT(I46))/SQRT(1+K46^2/(2*J46))))+IF(colas=2,NORMSDIST((-K46*(1-1/(4*J46))-(Q46)*SQRT(I46))/SQRT(1+K46^2/(2*J46))),0))-potencia)/((((1-NORMSDIST((K46*(1-1/(4*J46))-(Q46+(0.001*Q46))*SQRT(I46))/SQRT(1+K46^2/(2*J46))))+IF(colas=2,NORMSDIST((-K46*(1-1/(4*J46))-(Q46+(0.001*Q46))*SQRT(I46))/SQRT(1+K46^2/(2*J46))),0))-((1-NORMSDIST((K46*(1-1/(4*J46))-(Q46-(0.001*Q46))*SQRT(I46))/SQRT(1+K46^2/(2*J46))))+IF(colas=2,NORMSDIST((-K46*(1-1/(4*J46))-(Q46-(0.001*Q46))*SQRT(I46))/SQRT(1+K46^2/(2*J46))),0)))/(2*(0.001*Q46))),Q46) -> 0.50603905 | S46: =R46 -> 0.50603905
I47: 44 | J47: =I47-1 -> 43 | K47: =IF(colas=2,TINV(alfa,J47),TINV(2*alfa,J47)) -> 2.0166922 | L47: =IF(ISNUMBER($E$19),$E$19*SQRT(I47),"") -> 0.84182925 | M47: =IF(ISNUMBER($E$19),((1-NORMSDIST((K47*(1-1/(4*J47))-($E$19)*SQRT(I47))/SQRT(1+K47^2/(2*J47))))+IF(colas=2,NORMSDIST((-K47*(1-1/(4*J47))-($E$19)*SQRT(I47))/SQRT(1+K47^2/(2*J47))),0)),"") -> 0.13056141 | N47: =IF(ISNUMBER(M47),IF(M47>=potencia,I47,""),"") | O47: =(K47+TINV(2*(1-potencia),J47))/SQRT(I47) -> 0.50024408 | P47: =IFERROR(O47-(((1-NORMSDIST((K47*(1-1/(4*J47))-(O47)*SQRT(I47))/SQRT(1+K47^2/(2*J47))))+IF(colas=2,NORMSDIST((-K47*(1-1/(4*J47))-(O47)*SQRT(I47))/SQRT(1+K47^2/(2*J47))),0))-potencia)/((((1-NORMSDIST((K47*(1-1/(4*J47))-(O47+(0.001*O47))*SQRT(I47))/SQRT(1+K47^2/(2*J47))))+IF(colas=2,NORMSDIST((-K47*(1-1/(4*J47))-(O47+(0.001*O47))*SQRT(I47))/SQRT(1+K47^2/(2*J47))),0))-((1-NORMSDIST((K47*(1-1/(4*J47))-(O47-(0.001*O47))*SQRT(I47))/SQRT(1+K47^2/(2*J47))))+IF(colas=2,NORMSDIST((-K47*(1-1/(4*J47))-(O47-(0.001*O47))*SQRT(I47))/SQRT(1+K47^2/(2*J47))),0)))/(2*(0.001*O47))),O47) -> 0.49997656 | Q47: =IFERROR(P47-(((1-NORMSDIST((K47*(1-1/(4*J47))-(P47)*SQRT(I47))/SQRT(1+K47^2/(2*J47))))+IF(colas=2,NORMSDIST((-K47*(1-1/(4*J47))-(P47)*SQRT(I47))/SQRT(1+K47^2/(2*J47))),0))-potencia)/((((1-NORMSDIST((K47*(1-1/(4*J47))-(P47+(0.001*P47))*SQRT(I47))/SQRT(1+K47^2/(2*J47))))+IF(colas=2,NORMSDIST((-K47*(1-1/(4*J47))-(P47+(0.001*P47))*SQRT(I47))/SQRT(1+K47^2/(2*J47))),0))-((1-NORMSDIST((K47*(1-1/(4*J47))-(P47-(0.001*P47))*SQRT(I47))/SQRT(1+K47^2/(2*J47))))+IF(colas=2,NORMSDIST((-K47*(1-1/(4*J47))-(P47-(0.001*P47))*SQRT(I47))/SQRT(1+K47^2/(2*J47))),0)))/(2*(0.001*P47))),P47) -> 0.49997686 | R47: =IFERROR(Q47-(((1-NORMSDIST((K47*(1-1/(4*J47))-(Q47)*SQRT(I47))/SQRT(1+K47^2/(2*J47))))+IF(colas=2,NORMSDIST((-K47*(1-1/(4*J47))-(Q47)*SQRT(I47))/SQRT(1+K47^2/(2*J47))),0))-potencia)/((((1-NORMSDIST((K47*(1-1/(4*J47))-(Q47+(0.001*Q47))*SQRT(I47))/SQRT(1+K47^2/(2*J47))))+IF(colas=2,NORMSDIST((-K47*(1-1/(4*J47))-(Q47+(0.001*Q47))*SQRT(I47))/SQRT(1+K47^2/(2*J47))),0))-((1-NORMSDIST((K47*(1-1/(4*J47))-(Q47-(0.001*Q47))*SQRT(I47))/SQRT(1+K47^2/(2*J47))))+IF(colas=2,NORMSDIST((-K47*(1-1/(4*J47))-(Q47-(0.001*Q47))*SQRT(I47))/SQRT(1+K47^2/(2*J47))),0)))/(2*(0.001*Q47))),Q47) -> 0.49997686 | S47: =R47 -> 0.49997686
I48: 45 | J48: =I48-1 -> 44 | K48: =IF(colas=2,TINV(alfa,J48),TINV(2*alfa,J48)) -> 2.0153676 | L48: =IF(ISNUMBER($E$19),$E$19*SQRT(I48),"") -> 0.85134175 | M48: =IF(ISNUMBER($E$19),((1-NORMSDIST((K48*(1-1/(4*J48))-($E$19)*SQRT(I48))/SQRT(1+K48^2/(2*J48))))+IF(colas=2,NORMSDIST((-K48*(1-1/(4*J48))-($E$19)*SQRT(I48))/SQRT(1+K48^2/(2*J48))),0)),"") -> 0.132523 | N48: =IF(ISNUMBER(M48),IF(M48>=potencia,I48,""),"") | O48: =(K48+TINV(2*(1-potencia),J48))/SQRT(I48) -> 0.49438831 | P48: =IFERROR(O48-(((1-NORMSDIST((K48*(1-1/(4*J48))-(O48)*SQRT(I48))/SQRT(1+K48^2/(2*J48))))+IF(colas=2,NORMSDIST((-K48*(1-1/(4*J48))-(O48)*SQRT(I48))/SQRT(1+K48^2/(2*J48))),0))-potencia)/((((1-NORMSDIST((K48*(1-1/(4*J48))-(O48+(0.001*O48))*SQRT(I48))/SQRT(1+K48^2/(2*J48))))+IF(colas=2,NORMSDIST((-K48*(1-1/(4*J48))-(O48+(0.001*O48))*SQRT(I48))/SQRT(1+K48^2/(2*J48))),0))-((1-NORMSDIST((K48*(1-1/(4*J48))-(O48-(0.001*O48))*SQRT(I48))/SQRT(1+K48^2/(2*J48))))+IF(colas=2,NORMSDIST((-K48*(1-1/(4*J48))-(O48-(0.001*O48))*SQRT(I48))/SQRT(1+K48^2/(2*J48))),0)))/(2*(0.001*O48))),O48) -> 0.49412743 | Q48: =IFERROR(P48-(((1-NORMSDIST((K48*(1-1/(4*J48))-(P48)*SQRT(I48))/SQRT(1+K48^2/(2*J48))))+IF(colas=2,NORMSDIST((-K48*(1-1/(4*J48))-(P48)*SQRT(I48))/SQRT(1+K48^2/(2*J48))),0))-potencia)/((((1-NORMSDIST((K48*(1-1/(4*J48))-(P48+(0.001*P48))*SQRT(I48))/SQRT(1+K48^2/(2*J48))))+IF(colas=2,NORMSDIST((-K48*(1-1/(4*J48))-(P48+(0.001*P48))*SQRT(I48))/SQRT(1+K48^2/(2*J48))),0))-((1-NORMSDIST((K48*(1-1/(4*J48))-(P48-(0.001*P48))*SQRT(I48))/SQRT(1+K48^2/(2*J48))))+IF(colas=2,NORMSDIST((-K48*(1-1/(4*J48))-(P48-(0.001*P48))*SQRT(I48))/SQRT(1+K48^2/(2*J48))),0)))/(2*(0.001*P48))),P48) -> 0.49412772 | R48: =IFERROR(Q48-(((1-NORMSDIST((K48*(1-1/(4*J48))-(Q48)*SQRT(I48))/SQRT(1+K48^2/(2*J48))))+IF(colas=2,NORMSDIST((-K48*(1-1/(4*J48))-(Q48)*SQRT(I48))/SQRT(1+K48^2/(2*J48))),0))-potencia)/((((1-NORMSDIST((K48*(1-1/(4*J48))-(Q48+(0.001*Q48))*SQRT(I48))/SQRT(1+K48^2/(2*J48))))+IF(colas=2,NORMSDIST((-K48*(1-1/(4*J48))-(Q48+(0.001*Q48))*SQRT(I48))/SQRT(1+K48^2/(2*J48))),0))-((1-NORMSDIST((K48*(1-1/(4*J48))-(Q48-(0.001*Q48))*SQRT(I48))/SQRT(1+K48^2/(2*J48))))+IF(colas=2,NORMSDIST((-K48*(1-1/(4*J48))-(Q48-(0.001*Q48))*SQRT(I48))/SQRT(1+K48^2/(2*J48))),0)))/(2*(0.001*Q48))),Q48) -> 0.49412772 | S48: =R48 -> 0.49412772
I49: 46 | J49: =I49-1 -> 45 | K49: =IF(colas=2,TINV(alfa,J49),TINV(2*alfa,J49)) -> 2.0141034 | L49: =IF(ISNUMBER($E$19),$E$19*SQRT(I49),"") -> 0.86074913 | M49: =IF(ISNUMBER($E$19),((1-NORMSDIST((K49*(1-1/(4*J49))-($E$19)*SQRT(I49))/SQRT(1+K49^2/(2*J49))))+IF(colas=2,NORMSDIST((-K49*(1-1/(4*J49))-($E$19)*SQRT(I49))/SQRT(1+K49^2/(2*J49))),0)),"") -> 0.1344864 | N49: =IF(ISNUMBER(M49),IF(M49>=potencia,I49,""),"") | O49: =(K49+TINV(2*(1-potencia),J49))/SQRT(I49) -> 0.48873363 | P49: =IFERROR(O49-(((1-NORMSDIST((K49*(1-1/(4*J49))-(O49)*SQRT(I49))/SQRT(1+K49^2/(2*J49))))+IF(colas=2,NORMSDIST((-K49*(1-1/(4*J49))-(O49)*SQRT(I49))/SQRT(1+K49^2/(2*J49))),0))-potencia)/((((1-NORMSDIST((K49*(1-1/(4*J49))-(O49+(0.001*O49))*SQRT(I49))/SQRT(1+K49^2/(2*J49))))+IF(colas=2,NORMSDIST((-K49*(1-1/(4*J49))-(O49+(0.001*O49))*SQRT(I49))/SQRT(1+K49^2/(2*J49))),0))-((1-NORMSDIST((K49*(1-1/(4*J49))-(O49-(0.001*O49))*SQRT(I49))/SQRT(1+K49^2/(2*J49))))+IF(colas=2,NORMSDIST((-K49*(1-1/(4*J49))-(O49-(0.001*O49))*SQRT(I49))/SQRT(1+K49^2/(2*J49))),0)))/(2*(0.001*O49))),O49) -> 0.48847914 | Q49: =IFERROR(P49-(((1-NORMSDIST((K49*(1-1/(4*J49))-(P49)*SQRT(I49))/SQRT(1+K49^2/(2*J49))))+IF(colas=2,NORMSDIST((-K49*(1-1/(4*J49))-(P49)*SQRT(I49))/SQRT(1+K49^2/(2*J49))),0))-potencia)/((((1-NORMSDIST((K49*(1-1/(4*J49))-(P49+(0.001*P49))*SQRT(I49))/SQRT(1+K49^2/(2*J49))))+IF(colas=2,NORMSDIST((-K49*(1-1/(4*J49))-(P49+(0.001*P49))*SQRT(I49))/SQRT(1+K49^2/(2*J49))),0))-((1-NORMSDIST((K49*(1-1/(4*J49))-(P49-(0.001*P49))*SQRT(I49))/SQRT(1+K49^2/(2*J49))))+IF(colas=2,NORMSDIST((-K49*(1-1/(4*J49))-(P49-(0.001*P49))*SQRT(I49))/SQRT(1+K49^2/(2*J49))),0)))/(2*(0.001*P49))),P49) -> 0.48847941 | R49: =IFERROR(Q49-(((1-NORMSDIST((K49*(1-1/(4*J49))-(Q49)*SQRT(I49))/SQRT(1+K49^2/(2*J49))))+IF(colas=2,NORMSDIST((-K49*(1-1/(4*J49))-(Q49)*SQRT(I49))/SQRT(1+K49^2/(2*J49))),0))-potencia)/((((1-NORMSDIST((K49*(1-1/(4*J49))-(Q49+(0.001*Q49))*SQRT(I49))/SQRT(1+K49^2/(2*J49))))+IF(colas=2,NORMSDIST((-K49*(1-1/(4*J49))-(Q49+(0.001*Q49))*SQRT(I49))/SQRT(1+K49^2/(2*J49))),0))-((1-NORMSDIST((K49*(1-1/(4*J49))-(Q49-(0.001*Q49))*SQRT(I49))/SQRT(1+K49^2/(2*J49))))+IF(colas=2,NORMSDIST((-K49*(1-1/(4*J49))-(Q49-(0.001*Q49))*SQRT(I49))/SQRT(1+K49^2/(2*J49))),0)))/(2*(0.001*Q49))),Q49) -> 0.48847941 | S49: =R49 -> 0.48847941
I50: 47 | J50: =I50-1 -> 46 | K50: =IF(colas=2,TINV(alfa,J50),TINV(2*alfa,J50)) -> 2.0128956 | L50: =IF(ISNUMBER($E$19),$E$19*SQRT(I50),"") -> 0.87005479 | M50: =IF(ISNUMBER($E$19),((1-NORMSDIST((K50*(1-1/(4*J50))-($E$19)*SQRT(I50))/SQRT(1+K50^2/(2*J50))))+IF(colas=2,NORMSDIST((-K50*(1-1/(4*J50))-($E$19)*SQRT(I50))/SQRT(1+K50^2/(2*J50))),0)),"") -> 0.13645153 | N50: =IF(ISNUMBER(M50),IF(M50>=potencia,I50,""),"") | O50: =(K50+TINV(2*(1-potencia),J50))/SQRT(I50) -> 0.48326875 | P50: =IFERROR(O50-(((1-NORMSDIST((K50*(1-1/(4*J50))-(O50)*SQRT(I50))/SQRT(1+K50^2/(2*J50))))+IF(colas=2,NORMSDIST((-K50*(1-1/(4*J50))-(O50)*SQRT(I50))/SQRT(1+K50^2/(2*J50))),0))-potencia)/((((1-NORMSDIST((K50*(1-1/(4*J50))-(O50+(0.001*O50))*SQRT(I50))/SQRT(1+K50^2/(2*J50))))+IF(colas=2,NORMSDIST((-K50*(1-1/(4*J50))-(O50+(0.001*O50))*SQRT(I50))/SQRT(1+K50^2/(2*J50))),0))-((1-NORMSDIST((K50*(1-1/(4*J50))-(O50-(0.001*O50))*SQRT(I50))/SQRT(1+K50^2/(2*J50))))+IF(colas=2,NORMSDIST((-K50*(1-1/(4*J50))-(O50-(0.001*O50))*SQRT(I50))/SQRT(1+K50^2/(2*J50))),0)))/(2*(0.001*O50))),O50) -> 0.48302044 | Q50: =IFERROR(P50-(((1-NORMSDIST((K50*(1-1/(4*J50))-(P50)*SQRT(I50))/SQRT(1+K50^2/(2*J50))))+IF(colas=2,NORMSDIST((-K50*(1-1/(4*J50))-(P50)*SQRT(I50))/SQRT(1+K50^2/(2*J50))),0))-potencia)/((((1-NORMSDIST((K50*(1-1/(4*J50))-(P50+(0.001*P50))*SQRT(I50))/SQRT(1+K50^2/(2*J50))))+IF(colas=2,NORMSDIST((-K50*(1-1/(4*J50))-(P50+(0.001*P50))*SQRT(I50))/SQRT(1+K50^2/(2*J50))),0))-((1-NORMSDIST((K50*(1-1/(4*J50))-(P50-(0.001*P50))*SQRT(I50))/SQRT(1+K50^2/(2*J50))))+IF(colas=2,NORMSDIST((-K50*(1-1/(4*J50))-(P50-(0.001*P50))*SQRT(I50))/SQRT(1+K50^2/(2*J50))),0)))/(2*(0.001*P50))),P50) -> 0.48302071 | R50: =IFERROR(Q50-(((1-NORMSDIST((K50*(1-1/(4*J50))-(Q50)*SQRT(I50))/SQRT(1+K50^2/(2*J50))))+IF(colas=2,NORMSDIST((-K50*(1-1/(4*J50))-(Q50)*SQRT(I50))/SQRT(1+K50^2/(2*J50))),0))-potencia)/((((1-NORMSDIST((K50*(1-1/(4*J50))-(Q50+(0.001*Q50))*SQRT(I50))/SQRT(1+K50^2/(2*J50))))+IF(colas=2,NORMSDIST((-K50*(1-1/(4*J50))-(Q50+(0.001*Q50))*SQRT(I50))/SQRT(1+K50^2/(2*J50))),0))-((1-NORMSDIST((K50*(1-1/(4*J50))-(Q50-(0.001*Q50))*SQRT(I50))/SQRT(1+K50^2/(2*J50))))+IF(colas=2,NORMSDIST((-K50*(1-1/(4*J50))-(Q50-(0.001*Q50))*SQRT(I50))/SQRT(1+K50^2/(2*J50))),0)))/(2*(0.001*Q50))),Q50) -> 0.48302071 | S50: =R50 -> 0.48302071
I51: 48 | J51: =I51-1 -> 47 | K51: =IF(colas=2,TINV(alfa,J51),TINV(2*alfa,J51)) -> 2.0117405 | L51: =IF(ISNUMBER($E$19),$E$19*SQRT(I51),"") -> 0.87926198 | M51: =IF(ISNUMBER($E$19),((1-NORMSDIST((K51*(1-1/(4*J51))-($E$19)*SQRT(I51))/SQRT(1+K51^2/(2*J51))))+IF(colas=2,NORMSDIST((-K51*(1-1/(4*J51))-($E$19)*SQRT(I51))/SQRT(1+K51^2/(2*J51))),0)),"") -> 0.13841833 | N51: =IF(ISNUMBER(M51),IF(M51>=potencia,I51,""),"") | O51: =(K51+TINV(2*(1-potencia),J51))/SQRT(I51) -> 0.4779833 | P51: =IFERROR(O51-(((1-NORMSDIST((K51*(1-1/(4*J51))-(O51)*SQRT(I51))/SQRT(1+K51^2/(2*J51))))+IF(colas=2,NORMSDIST((-K51*(1-1/(4*J51))-(O51)*SQRT(I51))/SQRT(1+K51^2/(2*J51))),0))-potencia)/((((1-NORMSDIST((K51*(1-1/(4*J51))-(O51+(0.001*O51))*SQRT(I51))/SQRT(1+K51^2/(2*J51))))+IF(colas=2,NORMSDIST((-K51*(1-1/(4*J51))-(O51+(0.001*O51))*SQRT(I51))/SQRT(1+K51^2/(2*J51))),0))-((1-NORMSDIST((K51*(1-1/(4*J51))-(O51-(0.001*O51))*SQRT(I51))/SQRT(1+K51^2/(2*J51))))+IF(colas=2,NORMSDIST((-K51*(1-1/(4*J51))-(O51-(0.001*O51))*SQRT(I51))/SQRT(1+K51^2/(2*J51))),0)))/(2*(0.001*O51))),O51) -> 0.47774095 | Q51: =IFERROR(P51-(((1-NORMSDIST((K51*(1-1/(4*J51))-(P51)*SQRT(I51))/SQRT(1+K51^2/(2*J51))))+IF(colas=2,NORMSDIST((-K51*(1-1/(4*J51))-(P51)*SQRT(I51))/SQRT(1+K51^2/(2*J51))),0))-potencia)/((((1-NORMSDIST((K51*(1-1/(4*J51))-(P51+(0.001*P51))*SQRT(I51))/SQRT(1+K51^2/(2*J51))))+IF(colas=2,NORMSDIST((-K51*(1-1/(4*J51))-(P51+(0.001*P51))*SQRT(I51))/SQRT(1+K51^2/(2*J51))),0))-((1-NORMSDIST((K51*(1-1/(4*J51))-(P51-(0.001*P51))*SQRT(I51))/SQRT(1+K51^2/(2*J51))))+IF(colas=2,NORMSDIST((-K51*(1-1/(4*J51))-(P51-(0.001*P51))*SQRT(I51))/SQRT(1+K51^2/(2*J51))),0)))/(2*(0.001*P51))),P51) -> 0.4777412 | R51: =IFERROR(Q51-(((1-NORMSDIST((K51*(1-1/(4*J51))-(Q51)*SQRT(I51))/SQRT(1+K51^2/(2*J51))))+IF(colas=2,NORMSDIST((-K51*(1-1/(4*J51))-(Q51)*SQRT(I51))/SQRT(1+K51^2/(2*J51))),0))-potencia)/((((1-NORMSDIST((K51*(1-1/(4*J51))-(Q51+(0.001*Q51))*SQRT(I51))/SQRT(1+K51^2/(2*J51))))+IF(colas=2,NORMSDIST((-K51*(1-1/(4*J51))-(Q51+(0.001*Q51))*SQRT(I51))/SQRT(1+K51^2/(2*J51))),0))-((1-NORMSDIST((K51*(1-1/(4*J51))-(Q51-(0.001*Q51))*SQRT(I51))/SQRT(1+K51^2/(2*J51))))+IF(colas=2,NORMSDIST((-K51*(1-1/(4*J51))-(Q51-(0.001*Q51))*SQRT(I51))/SQRT(1+K51^2/(2*J51))),0)))/(2*(0.001*Q51))),Q51) -> 0.4777412 | S51: =R51 -> 0.4777412
... I103: 100 | J103: =I103-1 -> 99 | K103: =IF(colas=2,TINV(alfa,J103),TINV(2*alfa,J103)) -> 1.984217 | L103: =IF(ISNUMBER($E$19),$E$19*SQRT(I103),"") -> 1.2691053 | M103: =IF(ISNUMBER($E$19),((1-NORMSDIST((K103*(1-1/(4*J103))-($E$19)*SQRT(I103))/SQRT(1+K103^2/(2*J103))))+IF(colas=2,NORMSDIST((-K103*(1-1/(4*J103))-($E$19)*SQRT(I103))/SQRT(1+K103^2/(2*J103))),0)),"") -> 0.24163168 | N103: =IF(ISNUMBER(M103),IF(M103>=potencia,I103,""),"") | O103: =(K103+TINV(2*(1-potencia),J103))/SQRT(I103) -> 0.32743784 | P103: =IFERROR(O103-(((1-NORMSDIST((K103*(1-1/(4*J103))-(O103)*SQRT(I103))/SQRT(1+K103^2/(2*J103))))+IF(colas=2,NORMSDIST((-K103*(1-1/(4*J103))-(O103)*SQRT(I103))/SQRT(1+K103^2/(2*J103))),0))-potencia)/((((1-NORMSDIST((K103*(1-1/(4*J103))-(O103+(0.001*O103))*SQRT(I103))/SQRT(1+K103^2/(2*J103))))+IF(colas=2,NORMSDIST((-K103*(1-1/(4*J103))-(O103+(0.001*O103))*SQRT(I103))/SQRT(1+K103^2/(2*J103))),0))-((1-NORMSDIST((K103*(1-1/(4*J103))-(O103-(0.001*O103))*SQRT(I103))/SQRT(1+K103^2/(2*J103))))+IF(colas=2,NORMSDIST((-K103*(1-1/(4*J103))-(O103-(0.001*O103))*SQRT(I103))/SQRT(1+K103^2/(2*J103))),0)))/(2*(0.001*O103))),O103) -> 0.32734355 | Q103: =IFERROR(P103-(((1-NORMSDIST((K103*(1-1/(4*J103))-(P103)*SQRT(I103))/SQRT(1+K103^2/(2*J103))))+IF(colas=2,NORMSDIST((-K103*(1-1/(4*J103))-(P103)*SQRT(I103))/SQRT(1+K103^2/(2*J103))),0))-potencia)/((((1-NORMSDIST((K103*(1-1/(4*J103))-(P103+(0.001*P103))*SQRT(I103))/SQRT(1+K103^2/(2*J103))))+IF(colas=2,NORMSDIST((-K103*(1-1/(4*J103))-(P103+(0.001*P103))*SQRT(I103))/SQRT(1+K103^2/(2*J103))),0))-((1-NORMSDIST((K103*(1-1/(4*J103))-(P103-(0.001*P103))*SQRT(I103))/SQRT(1+K103^2/(2*J103))))+IF(colas=2,NORMSDIST((-K103*(1-1/(4*J103))-(P103-(0.001*P103))*SQRT(I103))/SQRT(1+K103^2/(2*J103))),0)))/(2*(0.001*P103))),P103) -> 0.3273436 | R103: =IFERROR(Q103-(((1-NORMSDIST((K103*(1-1/(4*J103))-(Q103)*SQRT(I103))/SQRT(1+K103^2/(2*J103))))+IF(colas=2,NORMSDIST((-K103*(1-1/(4*J103))-(Q103)*SQRT(I103))/SQRT(1+K103^2/(2*J103))),0))-potencia)/((((1-NORMSDIST((K103*(1-1/(4*J103))-(Q103+(0.001*Q103))*SQRT(I103))/SQRT(1+K103^2/(2*J103))))+IF(colas=2,NORMSDIST((-K103*(1-1/(4*J103))-(Q103+(0.001*Q103))*SQRT(I103))/SQRT(1+K103^2/(2*J103))),0))-((1-NORMSDIST((K103*(1-1/(4*J103))-(Q103-(0.001*Q103))*SQRT(I103))/SQRT(1+K103^2/(2*J103))))+IF(colas=2,NORMSDIST((-K103*(1-1/(4*J103))-(Q103-(0.001*Q103))*SQRT(I103))/SQRT(1+K103^2/(2*J103))),0)))/(2*(0.001*Q103))),Q103) -> 0.3273436 | S103: =R103 -> 0.3273436

Sheet Plan semana
A1: Plan de medición de la semana · orden sorteado por día
A2: ="Réplicas por corriente y por día: "&IF(ISNUMBER(rpd),rpd,"(se calcula en la hoja Réplicas)")&" · días: "&dias&" · semilla: "&semilla -> Réplicas por corriente y por día: (se calcula en la hoja Réplicas) · días: 3 · semilla: 2610
A3: Al fijar el plan el sábado por la noche, copiar estas columnas y pegarlas como valores en las hojas de registro de cada día: si se cambia un parámetro después, el orden cambia.
B4: Lun 26 oct | D4: Mar 27 oct | F4: Mié 28 oct | H4: Jue 29 oct
A5: Posición | B5: Corriente | C5: Valor (A) | D5: Corriente | E5: Valor (A) | F5: Corriente | G5: Valor (A) | H5: Corriente | I5: Valor (A) | K5: Columnas auxiliares del sorteo: grupo M:X, oculto | M5: clave d1 | N5: etiq d1 | O5: rango d1 | P5: clave d2 | Q5: etiq d2 | R5: rango d2 | S5: clave d3 | T5: etiq d3 | U5: rango d3 | V5: clave d4 | W5: etiq d4 | X5: rango d4
A6: =IF(ISNUMBER(rpd),IF(1<=3*rpd,1,""),"") | B6: =IF(ISNUMBER($A6),IF(1<=dias,IFERROR(INDEX($N$6:$N$65,MATCH($A6,$O$6:$O$65,0)),""),"—"),"") | C6: =IF(OR(B6="",B6="—"),"",IF(INDEX(corrientes,MATCH(B6,{"I1","I2","I3"},0))="","",INDEX(corrientes,MATCH(B6,{"I1","I2","I3"},0)))) | D6: =IF(ISNUMBER($A6),IF(2<=dias,IFERROR(INDEX($Q$6:$Q$65,MATCH($A6,$R$6:$R$65,0)),""),"—"),"") | E6: =IF(OR(D6="",D6="—"),"",IF(INDEX(corrientes,MATCH(D6,{"I1","I2","I3"},0))="","",INDEX(corrientes,MATCH(D6,{"I1","I2","I3"},0)))) | F6: =IF(ISNUMBER($A6),IF(3<=dias,IFERROR(INDEX($T$6:$T$65,MATCH($A6,$U$6:$U$65,0)),""),"—"),"") | G6: =IF(OR(F6="",F6="—"),"",IF(INDEX(corrientes,MATCH(F6,{"I1","I2","I3"},0))="","",INDEX(corrientes,MATCH(F6,{"I1","I2","I3"},0)))) | H6: =IF(ISNUMBER($A6),IF(4<=dias,IFERROR(INDEX($W$6:$W$65,MATCH($A6,$X$6:$X$65,0)),""),"—"),"") | I6: =IF(OR(H6="",H6="—"),"",IF(INDEX(corrientes,MATCH(H6,{"I1","I2","I3"},0))="","",INDEX(corrientes,MATCH(H6,{"I1","I2","I3"},0)))) | M6: =MOD(ABS(SIN(semilla*12.9898+1*78.233+1*37.719))*43758.5453,1) -> 0.29225542 | N6: ="I"&(MOD(1-1,3)+1) -> I1 | O6: =IF(ISNUMBER($A6),IF(1<=dias,COUNTIFS($M$6:$M$65,"<"&M6,$A$6:$A$65,">0")+1,""),"") | P6: =MOD(ABS(SIN(semilla*12.9898+1*78.233+2*37.719))*43758.5453,1) -> 0.11144556 | Q6: ="I"&(MOD(1-1,3)+1) -> I1 | R6: =IF(ISNUMBER($A6),IF(2<=dias,COUNTIFS($P$6:$P$65,"<"&P6,$A$6:$A$65,">0")+1,""),"") | S6: =MOD(ABS(SIN(semilla*12.9898+1*78.233+3*37.719))*43758.5453,1) -> 0.78263578 | T6: ="I"&(MOD(1-1,3)+1) -> I1 | U6: =IF(ISNUMBER($A6),IF(3<=dias,COUNTIFS($S$6:$S$65,"<"&S6,$A$6:$A$65,">0")+1,""),"") | V6: =MOD(ABS(SIN(semilla*12.9898+1*78.233+4*37.719))*43758.5453,1) -> 0.50688304 | W6: ="I"&(MOD(1-1,3)+1) -> I1 | X6: =IF(ISNUMBER($A6),IF(4<=dias,COUNTIFS($V$6:$V$65,"<"&V6,$A$6:$A$65,">0")+1,""),"")
A7: =IF(ISNUMBER(rpd),IF(2<=3*rpd,2,""),"") | B7: =IF(ISNUMBER($A7),IF(1<=dias,IFERROR(INDEX($N$6:$N$65,MATCH($A7,$O$6:$O$65,0)),""),"—"),"") | C7: =IF(OR(B7="",B7="—"),"",IF(INDEX(corrientes,MATCH(B7,{"I1","I2","I3"},0))="","",INDEX(corrientes,MATCH(B7,{"I1","I2","I3"},0)))) | D7: =IF(ISNUMBER($A7),IF(2<=dias,IFERROR(INDEX($Q$6:$Q$65,MATCH($A7,$R$6:$R$65,0)),""),"—"),"") | E7: =IF(OR(D7="",D7="—"),"",IF(INDEX(corrientes,MATCH(D7,{"I1","I2","I3"},0))="","",INDEX(corrientes,MATCH(D7,{"I1","I2","I3"},0)))) | F7: =IF(ISNUMBER($A7),IF(3<=dias,IFERROR(INDEX($T$6:$T$65,MATCH($A7,$U$6:$U$65,0)),""),"—"),"") | G7: =IF(OR(F7="",F7="—"),"",IF(INDEX(corrientes,MATCH(F7,{"I1","I2","I3"},0))="","",INDEX(corrientes,MATCH(F7,{"I1","I2","I3"},0)))) | H7: =IF(ISNUMBER($A7),IF(4<=dias,IFERROR(INDEX($W$6:$W$65,MATCH($A7,$X$6:$X$65,0)),""),"—"),"") | I7: =IF(OR(H7="",H7="—"),"",IF(INDEX(corrientes,MATCH(H7,{"I1","I2","I3"},0))="","",INDEX(corrientes,MATCH(H7,{"I1","I2","I3"},0)))) | M7: =MOD(ABS(SIN(semilla*12.9898+2*78.233+1*37.719))*43758.5453,1) -> 0.044351255 | N7: ="I"&(MOD(2-1,3)+1) -> I2 | O7: =IF(ISNUMBER($A7),IF(1<=dias,COUNTIFS($M$6:$M$65,"<"&M7,$A$6:$A$65,">0")+1,""),"") | P7: =MOD(ABS(SIN(semilla*12.9898+2*78.233+2*37.719))*43758.5453,1) -> 0.29434732 | Q7: ="I"&(MOD(2-1,3)+1) -> I2 | R7: =IF(ISNUMBER($A7),IF(2<=dias,COUNTIFS($P$6:$P$65,"<"&P7,$A$6:$A$65,">0")+1,""),"") | S7: =MOD(ABS(SIN(semilla*12.9898+2*78.233+3*37.719))*43758.5453,1) -> 0.046057044 | T7: ="I"&(MOD(2-1,3)+1) -> I2 | U7: =IF(ISNUMBER($A7),IF(3<=dias,COUNTIFS($S$6:$S$65,"<"&S7,$A$6:$A$65,">0")+1,""),"") | V7: =MOD(ABS(SIN(semilla*12.9898+2*78.233+4*37.719))*43758.5453,1) -> 0.40676602 | W7: ="I"&(MOD(2-1,3)+1) -> I2 | X7: =IF(ISNUMBER($A7),IF(4<=dias,COUNTIFS($V$6:$V$65,"<"&V7,$A$6:$A$65,">0")+1,""),"")
A8: =IF(ISNUMBER(rpd),IF(3<=3*rpd,3,""),"") | B8: =IF(ISNUMBER($A8),IF(1<=dias,IFERROR(INDEX($N$6:$N$65,MATCH($A8,$O$6:$O$65,0)),""),"—"),"") | C8: =IF(OR(B8="",B8="—"),"",IF(INDEX(corrientes,MATCH(B8,{"I1","I2","I3"},0))="","",INDEX(corrientes,MATCH(B8,{"I1","I2","I3"},0)))) | D8: =IF(ISNUMBER($A8),IF(2<=dias,IFERROR(INDEX($Q$6:$Q$65,MATCH($A8,$R$6:$R$65,0)),""),"—"),"") | E8: =IF(OR(D8="",D8="—"),"",IF(INDEX(corrientes,MATCH(D8,{"I1","I2","I3"},0))="","",INDEX(corrientes,MATCH(D8,{"I1","I2","I3"},0)))) | F8: =IF(ISNUMBER($A8),IF(3<=dias,IFERROR(INDEX($T$6:$T$65,MATCH($A8,$U$6:$U$65,0)),""),"—"),"") | G8: =IF(OR(F8="",F8="—"),"",IF(INDEX(corrientes,MATCH(F8,{"I1","I2","I3"},0))="","",INDEX(corrientes,MATCH(F8,{"I1","I2","I3"},0)))) | H8: =IF(ISNUMBER($A8),IF(4<=dias,IFERROR(INDEX($W$6:$W$65,MATCH($A8,$X$6:$X$65,0)),""),"—"),"") | I8: =IF(OR(H8="",H8="—"),"",IF(INDEX(corrientes,MATCH(H8,{"I1","I2","I3"},0))="","",INDEX(corrientes,MATCH(H8,{"I1","I2","I3"},0)))) | M8: =MOD(ABS(SIN(semilla*12.9898+3*78.233+1*37.719))*43758.5453,1) -> 0.069890436 | N8: ="I"&(MOD(3-1,3)+1) -> I3 | O8: =IF(ISNUMBER($A8),IF(1<=dias,COUNTIFS($M$6:$M$65,"<"&M8,$A$6:$A$65,">0")+1,""),"") | P8: =MOD(ABS(SIN(semilla*12.9898+3*78.233+2*37.719))*43758.5453,1) -> 0.54437081 | Q8: ="I"&(MOD(3-1,3)+1) -> I3 | R8: =IF(ISNUMBER($A8),IF(2<=dias,COUNTIFS($P$6:$P$65,"<"&P8,$A$6:$A$65,">0")+1,""),"") | S8: =MOD(ABS(SIN(semilla*12.9898+3*78.233+3*37.719))*43758.5453,1) -> 0.71122017 | T8: ="I"&(MOD(3-1,3)+1) -> I3 | U8: =IF(ISNUMBER($A8),IF(3<=dias,COUNTIFS($S$6:$S$65,"<"&S8,$A$6:$A$65,">0")+1,""),"") | V8: =MOD(ABS(SIN(semilla*12.9898+3*78.233+4*37.719))*43758.5453,1) -> 0.57393226 | W8: ="I"&(MOD(3-1,3)+1) -> I3 | X8: =IF(ISNUMBER($A8),IF(4<=dias,COUNTIFS($V$6:$V$65,"<"&V8,$A$6:$A$65,">0")+1,""),"")
A9: =IF(ISNUMBER(rpd),IF(4<=3*rpd,4,""),"") | B9: =IF(ISNUMBER($A9),IF(1<=dias,IFERROR(INDEX($N$6:$N$65,MATCH($A9,$O$6:$O$65,0)),""),"—"),"") | C9: =IF(OR(B9="",B9="—"),"",IF(INDEX(corrientes,MATCH(B9,{"I1","I2","I3"},0))="","",INDEX(corrientes,MATCH(B9,{"I1","I2","I3"},0)))) | D9: =IF(ISNUMBER($A9),IF(2<=dias,IFERROR(INDEX($Q$6:$Q$65,MATCH($A9,$R$6:$R$65,0)),""),"—"),"") | E9: =IF(OR(D9="",D9="—"),"",IF(INDEX(corrientes,MATCH(D9,{"I1","I2","I3"},0))="","",INDEX(corrientes,MATCH(D9,{"I1","I2","I3"},0)))) | F9: =IF(ISNUMBER($A9),IF(3<=dias,IFERROR(INDEX($T$6:$T$65,MATCH($A9,$U$6:$U$65,0)),""),"—"),"") | G9: =IF(OR(F9="",F9="—"),"",IF(INDEX(corrientes,MATCH(F9,{"I1","I2","I3"},0))="","",INDEX(corrientes,MATCH(F9,{"I1","I2","I3"},0)))) | H9: =IF(ISNUMBER($A9),IF(4<=dias,IFERROR(INDEX($W$6:$W$65,MATCH($A9,$X$6:$X$65,0)),""),"—"),"") | I9: =IF(OR(H9="",H9="—"),"",IF(INDEX(corrientes,MATCH(H9,{"I1","I2","I3"},0))="","",INDEX(corrientes,MATCH(H9,{"I1","I2","I3"},0)))) | M9: =MOD(ABS(SIN(semilla*12.9898+4*78.233+1*37.719))*43758.5453,1) -> 0.83409156 | N9: ="I"&(MOD(4-1,3)+1) -> I1 | O9: =IF(ISNUMBER($A9),IF(1<=dias,COUNTIFS($M$6:$M$65,"<"&M9,$A$6:$A$65,">0")+1,""),"") | P9: =MOD(ABS(SIN(semilla*12.9898+4*78.233+2*37.719))*43758.5453,1) -> 0.74153884 | Q9: ="I"&(MOD(4-1,3)+1) -> I1 | R9: =IF(ISNUMBER($A9),IF(2<=dias,COUNTIFS($P$6:$P$65,"<"&P9,$A$6:$A$65,">0")+1,""),"") | S9: =MOD(ABS(SIN(semilla*12.9898+4*78.233+3*37.719))*43758.5453,1) -> 0.14854508 | T9: ="I"&(MOD(4-1,3)+1) -> I1 | U9: =IF(ISNUMBER($A9),IF(3<=dias,COUNTIFS($S$6:$S$65,"<"&S9,$A$6:$A$65,">0")+1,""),"") | V9: =MOD(ABS(SIN(semilla*12.9898+4*78.233+4*37.719))*43758.5453,1) -> 0.95448585 | W9: ="I"&(MOD(4-1,3)+1) -> I1 | X9: =IF(ISNUMBER($A9),IF(4<=dias,COUNTIFS($V$6:$V$65,"<"&V9,$A$6:$A$65,">0")+1,""),"")
A10: =IF(ISNUMBER(rpd),IF(5<=3*rpd,5,""),"") | B10: =IF(ISNUMBER($A10),IF(1<=dias,IFERROR(INDEX($N$6:$N$65,MATCH($A10,$O$6:$O$65,0)),""),"—"),"") | C10: =IF(OR(B10="",B10="—"),"",IF(INDEX(corrientes,MATCH(B10,{"I1","I2","I3"},0))="","",INDEX(corrientes,MATCH(B10,{"I1","I2","I3"},0)))) | D10: =IF(ISNUMBER($A10),IF(2<=dias,IFERROR(INDEX($Q$6:$Q$65,MATCH($A10,$R$6:$R$65,0)),""),"—"),"") | E10: =IF(OR(D10="",D10="—"),"",IF(INDEX(corrientes,MATCH(D10,{"I1","I2","I3"},0))="","",INDEX(corrientes,MATCH(D10,{"I1","I2","I3"},0)))) | F10: =IF(ISNUMBER($A10),IF(3<=dias,IFERROR(INDEX($T$6:$T$65,MATCH($A10,$U$6:$U$65,0)),""),"—"),"") | G10: =IF(OR(F10="",F10="—"),"",IF(INDEX(corrientes,MATCH(F10,{"I1","I2","I3"},0))="","",INDEX(corrientes,MATCH(F10,{"I1","I2","I3"},0)))) | H10: =IF(ISNUMBER($A10),IF(4<=dias,IFERROR(INDEX($W$6:$W$65,MATCH($A10,$X$6:$X$65,0)),""),"—"),"") | I10: =IF(OR(H10="",H10="—"),"",IF(INDEX(corrientes,MATCH(H10,{"I1","I2","I3"},0))="","",INDEX(corrientes,MATCH(H10,{"I1","I2","I3"},0)))) | M10: =MOD(ABS(SIN(semilla*12.9898+5*78.233+1*37.719))*43758.5453,1) -> 0.45943149 | N10: ="I"&(MOD(5-1,3)+1) -> I2 | O10: =IF(ISNUMBER($A10),IF(1<=dias,COUNTIFS($M$6:$M$65,"<"&M10,$A$6:$A$65,">0")+1,""),"") | P10: =MOD(ABS(SIN(semilla*12.9898+5*78.233+2*37.719))*43758.5453,1) -> 0.49706031 | Q10: ="I"&(MOD(5-1,3)+1) -> I2 | R10: =IF(ISNUMBER($A10),IF(2<=dias,COUNTIFS($P$6:$P$65,"<"&P10,$A$6:$A$65,">0")+1,""),"") | S10: =MOD(ABS(SIN(semilla*12.9898+5*78.233+3*37.719))*43758.5453,1) -> 0.38258107 | T10: ="I"&(MOD(5-1,3)+1) -> I2 | U10: =IF(ISNUMBER($A10),IF(3<=dias,COUNTIFS($S$6:$S$65,"<"&S10,$A$6:$A$65,">0")+1,""),"") | V10: =MOD(ABS(SIN(semilla*12.9898+5*78.233+4*37.719))*43758.5453,1) -> 0.92064952 | W10: ="I"&(MOD(5-1,3)+1) -> I2 | X10: =IF(ISNUMBER($A10),IF(4<=dias,COUNTIFS($V$6:$V$65,"<"&V10,$A$6:$A$65,">0")+1,""),"")
A11: =IF(ISNUMBER(rpd),IF(6<=3*rpd,6,""),"") | B11: =IF(ISNUMBER($A11),IF(1<=dias,IFERROR(INDEX($N$6:$N$65,MATCH($A11,$O$6:$O$65,0)),""),"—"),"") | C11: =IF(OR(B11="",B11="—"),"",IF(INDEX(corrientes,MATCH(B11,{"I1","I2","I3"},0))="","",INDEX(corrientes,MATCH(B11,{"I1","I2","I3"},0)))) | D11: =IF(ISNUMBER($A11),IF(2<=dias,IFERROR(INDEX($Q$6:$Q$65,MATCH($A11,$R$6:$R$65,0)),""),"—"),"") | E11: =IF(OR(D11="",D11="—"),"",IF(INDEX(corrientes,MATCH(D11,{"I1","I2","I3"},0))="","",INDEX(corrientes,MATCH(D11,{"I1","I2","I3"},0)))) | F11: =IF(ISNUMBER($A11),IF(3<=dias,IFERROR(INDEX($T$6:$T$65,MATCH($A11,$U$6:$U$65,0)),""),"—"),"") | G11: =IF(OR(F11="",F11="—"),"",IF(INDEX(corrientes,MATCH(F11,{"I1","I2","I3"},0))="","",INDEX(corrientes,MATCH(F11,{"I1","I2","I3"},0)))) | H11: =IF(ISNUMBER($A11),IF(4<=dias,IFERROR(INDEX($W$6:$W$65,MATCH($A11,$X$6:$X$65,0)),""),"—"),"") | I11: =IF(OR(H11="",H11="—"),"",IF(INDEX(corrientes,MATCH(H11,{"I1","I2","I3"},0))="","",INDEX(corrientes,MATCH(H11,{"I1","I2","I3"},0)))) | M11: =MOD(ABS(SIN(semilla*12.9898+6*78.233+1*37.719))*43758.5453,1) -> 0.63318234 | N11: ="I"&(MOD(6-1,3)+1) -> I3 | O11: =IF(ISNUMBER($A11),IF(1<=dias,COUNTIFS($M$6:$M$65,"<"&M11,$A$6:$A$65,">0")+1,""),"") | P11: =MOD(ABS(SIN(semilla*12.9898+6*78.233+2*37.719))*43758.5453,1) -> 0.35022231 | Q11: ="I"&(MOD(6-1,3)+1) -> I3 | R11: =IF(ISNUMBER($A11),IF(2<=dias,COUNTIFS($P$6:$P$65,"<"&P11,$A$6:$A$65,">0")+1,""),"") | S11: =MOD(ABS(SIN(semilla*12.9898+6*78.233+3*37.719))*43758.5453,1) -> 0.58529565 | T11: ="I"&(MOD(6-1,3)+1) -> I3 | U11: =IF(ISNUMBER($A11),IF(3<=dias,COUNTIFS($S$6:$S$65,"<"&S11,$A$6:$A$65,">0")+1,""),"") | V11: =MOD(ABS(SIN(semilla*12.9898+6*78.233+4*37.719))*43758.5453,1) -> 0.066583452 | W11: ="I"&(MOD(6-1,3)+1) -> I3 | X11: =IF(ISNUMBER($A11),IF(4<=dias,COUNTIFS($V$6:$V$65,"<"&V11,$A$6:$A$65,">0")+1,""),"")
A12: =IF(ISNUMBER(rpd),IF(7<=3*rpd,7,""),"") | B12: =IF(ISNUMBER($A12),IF(1<=dias,IFERROR(INDEX($N$6:$N$65,MATCH($A12,$O$6:$O$65,0)),""),"—"),"") | C12: =IF(OR(B12="",B12="—"),"",IF(INDEX(corrientes,MATCH(B12,{"I1","I2","I3"},0))="","",INDEX(corrientes,MATCH(B12,{"I1","I2","I3"},0)))) | D12: =IF(ISNUMBER($A12),IF(2<=dias,IFERROR(INDEX($Q$6:$Q$65,MATCH($A12,$R$6:$R$65,0)),""),"—"),"") | E12: =IF(OR(D12="",D12="—"),"",IF(INDEX(corrientes,MATCH(D12,{"I1","I2","I3"},0))="","",INDEX(corrientes,MATCH(D12,{"I1","I2","I3"},0)))) | F12: =IF(ISNUMBER($A12),IF(3<=dias,IFERROR(INDEX($T$6:$T$65,MATCH($A12,$U$6:$U$65,0)),""),"—"),"") | G12: =IF(OR(F12="",F12="—"),"",IF(INDEX(corrientes,MATCH(F12,{"I1","I2","I3"},0))="","",INDEX(corrientes,MATCH(F12,{"I1","I2","I3"},0)))) | H12: =IF(ISNUMBER($A12),IF(4<=dias,IFERROR(INDEX($W$6:$W$65,MATCH($A12,$X$6:$X$65,0)),""),"—"),"") | I12: =IF(OR(H12="",H12="—"),"",IF(INDEX(corrientes,MATCH(H12,{"I1","I2","I3"},0))="","",INDEX(corrientes,MATCH(H12,{"I1","I2","I3"},0)))) | M12: =MOD(ABS(SIN(semilla*12.9898+7*78.233+1*37.719))*43758.5453,1) -> 0.74475686 | N12: ="I"&(MOD(7-1,3)+1) -> I1 | O12: =IF(ISNUMBER($A12),IF(1<=dias,COUNTIFS($M$6:$M$65,"<"&M12,$A$6:$A$65,">0")+1,""),"") | P12: =MOD(ABS(SIN(semilla*12.9898+7*78.233+2*37.719))*43758.5453,1) -> 0.97435974 | Q12: ="I"&(MOD(7-1,3)+1) -> I1 | R12: =IF(ISNUMBER($A12),IF(2<=dias,COUNTIFS($P$6:$P$65,"<"&P12,$A$6:$A$65,">0")+1,""),"") | S12: =MOD(ABS(SIN(semilla*12.9898+7*78.233+3*37.719))*43758.5453,1) -> 0.37115426 | T12: ="I"&(MOD(7-1,3)+1) -> I1 | U12: =IF(ISNUMBER($A12),IF(3<=dias,COUNTIFS($S$6:$S$65,"<"&S12,$A$6:$A$65,">0")+1,""),"") | V12: =MOD(ABS(SIN(semilla*12.9898+7*78.233+4*37.719))*43758.5453,1) -> 0.61223475 | W12: ="I"&(MOD(7-1,3)+1) -> I1 | X12: =IF(ISNUMBER($A12),IF(4<=dias,COUNTIFS($V$6:$V$65,"<"&V12,$A$6:$A$65,">0")+1,""),"")
A13: =IF(ISNUMBER(rpd),IF(8<=3*rpd,8,""),"") | B13: =IF(ISNUMBER($A13),IF(1<=dias,IFERROR(INDEX($N$6:$N$65,MATCH($A13,$O$6:$O$65,0)),""),"—"),"") | C13: =IF(OR(B13="",B13="—"),"",IF(INDEX(corrientes,MATCH(B13,{"I1","I2","I3"},0))="","",INDEX(corrientes,MATCH(B13,{"I1","I2","I3"},0)))) | D13: =IF(ISNUMBER($A13),IF(2<=dias,IFERROR(INDEX($Q$6:$Q$65,MATCH($A13,$R$6:$R$65,0)),""),"—"),"") | E13: =IF(OR(D13="",D13="—"),"",IF(INDEX(corrientes,MATCH(D13,{"I1","I2","I3"},0))="","",INDEX(corrientes,MATCH(D13,{"I1","I2","I3"},0)))) | F13: =IF(ISNUMBER($A13),IF(3<=dias,IFERROR(INDEX($T$6:$T$65,MATCH($A13,$U$6:$U$65,0)),""),"—"),"") | G13: =IF(OR(F13="",F13="—"),"",IF(INDEX(corrientes,MATCH(F13,{"I1","I2","I3"},0))="","",INDEX(corrientes,MATCH(F13,{"I1","I2","I3"},0)))) | H13: =IF(ISNUMBER($A13),IF(4<=dias,IFERROR(INDEX($W$6:$W$65,MATCH($A13,$X$6:$X$65,0)),""),"—"),"") | I13: =IF(OR(H13="",H13="—"),"",IF(INDEX(corrientes,MATCH(H13,{"I1","I2","I3"},0))="","",INDEX(corrientes,MATCH(H13,{"I1","I2","I3"},0)))) | M13: =MOD(ABS(SIN(semilla*12.9898+8*78.233+1*37.719))*43758.5453,1) -> 0.28364008 | N13: ="I"&(MOD(8-1,3)+1) -> I2 | O13: =IF(ISNUMBER($A13),IF(1<=dias,COUNTIFS($M$6:$M$65,"<"&M13,$A$6:$A$65,">0")+1,""),"") | P13: =MOD(ABS(SIN(semilla*12.9898+8*78.233+2*37.719))*43758.5453,1) -> 0.22947056 | Q13: ="I"&(MOD(8-1,3)+1) -> I2 | R13: =IF(ISNUMBER($A13),IF(2<=dias,COUNTIFS($P$6:$P$65,"<"&P13,$A$6:$A$65,">0")+1,""),"") | S13: =MOD(ABS(SIN(semilla*12.9898+8*78.233+3*37.719))*43758.5453,1) -> 0.53643587 | T13: ="I"&(MOD(8-1,3)+1) -> I2 | U13: =IF(ISNUMBER($A13),IF(3<=dias,COUNTIFS($S$6:$S$65,"<"&S13,$A$6:$A$65,">0")+1,""),"") | V13: =MOD(ABS(SIN(semilla*12.9898+8*78.233+4*37.719))*43758.5453,1) -> 0.86070305 | W13: ="I"&(MOD(8-1,3)+1) -> I2 | X13: =IF(ISNUMBER($A13),IF(4<=dias,COUNTIFS($V$6:$V$65,"<"&V13,$A$6:$A$65,">0")+1,""),"")
A14: =IF(ISNUMBER(rpd),IF(9<=3*rpd,9,""),"") | B14: =IF(ISNUMBER($A14),IF(1<=dias,IFERROR(INDEX($N$6:$N$65,MATCH($A14,$O$6:$O$65,0)),""),"—"),"") | C14: =IF(OR(B14="",B14="—"),"",IF(INDEX(corrientes,MATCH(B14,{"I1","I2","I3"},0))="","",INDEX(corrientes,MATCH(B14,{"I1","I2","I3"},0)))) | D14: =IF(ISNUMBER($A14),IF(2<=dias,IFERROR(INDEX($Q$6:$Q$65,MATCH($A14,$R$6:$R$65,0)),""),"—"),"") | E14: =IF(OR(D14="",D14="—"),"",IF(INDEX(corrientes,MATCH(D14,{"I1","I2","I3"},0))="","",INDEX(corrientes,MATCH(D14,{"I1","I2","I3"},0)))) | F14: =IF(ISNUMBER($A14),IF(3<=dias,IFERROR(INDEX($T$6:$T$65,MATCH($A14,$U$6:$U$65,0)),""),"—"),"") | G14: =IF(OR(F14="",F14="—"),"",IF(INDEX(corrientes,MATCH(F14,{"I1","I2","I3"},0))="","",INDEX(corrientes,MATCH(F14,{"I1","I2","I3"},0)))) | H14: =IF(ISNUMBER($A14),IF(4<=dias,IFERROR(INDEX($W$6:$W$65,MATCH($A14,$X$6:$X$65,0)),""),"—"),"") | I14: =IF(OR(H14="",H14="—"),"",IF(INDEX(corrientes,MATCH(H14,{"I1","I2","I3"},0))="","",INDEX(corrientes,MATCH(H14,{"I1","I2","I3"},0)))) | M14: =MOD(ABS(SIN(semilla*12.9898+9*78.233+1*37.719))*43758.5453,1) -> 0.78705063 | N14: ="I"&(MOD(9-1,3)+1) -> I3 | O14: =IF(ISNUMBER($A14),IF(1<=dias,COUNTIFS($M$6:$M$65,"<"&M14,$A$6:$A$65,">0")+1,""),"") | P14: =MOD(ABS(SIN(semilla*12.9898+9*78.233+2*37.719))*43758.5453,1) -> 0.37802877 | Q14: ="I"&(MOD(9-1,3)+1) -> I3 | R14: =IF(ISNUMBER($A14),IF(2<=dias,COUNTIFS($P$6:$P$65,"<"&P14,$A$6:$A$65,">0")+1,""),"") | S14: =MOD(ABS(SIN(semilla*12.9898+9*78.233+3*37.719))*43758.5453,1) -> 0.3542588 | T14: ="I"&(MOD(9-1,3)+1) -> I3 | U14: =IF(ISNUMBER($A14),IF(3<=dias,COUNTIFS($S$6:$S$65,"<"&S14,$A$6:$A$65,">0")+1,""),"") | V14: =MOD(ABS(SIN(semilla*12.9898+9*78.233+4*37.719))*43758.5453,1) -> 0.048386952 | W14: ="I"&(MOD(9-1,3)+1) -> I3 | X14: =IF(ISNUMBER($A14),IF(4<=dias,COUNTIFS($V$6:$V$65,"<"&V14,$A$6:$A$65,">0")+1,""),"")
A15: =IF(ISNUMBER(rpd),IF(10<=3*rpd,10,""),"") | B15: =IF(ISNUMBER($A15),IF(1<=dias,IFERROR(INDEX($N$6:$N$65,MATCH($A15,$O$6:$O$65,0)),""),"—"),"") | C15: =IF(OR(B15="",B15="—"),"",IF(INDEX(corrientes,MATCH(B15,{"I1","I2","I3"},0))="","",INDEX(corrientes,MATCH(B15,{"I1","I2","I3"},0)))) | D15: =IF(ISNUMBER($A15),IF(2<=dias,IFERROR(INDEX($Q$6:$Q$65,MATCH($A15,$R$6:$R$65,0)),""),"—"),"") | E15: =IF(OR(D15="",D15="—"),"",IF(INDEX(corrientes,MATCH(D15,{"I1","I2","I3"},0))="","",INDEX(corrientes,MATCH(D15,{"I1","I2","I3"},0)))) | F15: =IF(ISNUMBER($A15),IF(3<=dias,IFERROR(INDEX($T$6:$T$65,MATCH($A15,$U$6:$U$65,0)),""),"—"),"") | G15: =IF(OR(F15="",F15="—"),"",IF(INDEX(corrientes,MATCH(F15,{"I1","I2","I3"},0))="","",INDEX(corrientes,MATCH(F15,{"I1","I2","I3"},0)))) | H15: =IF(ISNUMBER($A15),IF(4<=dias,IFERROR(INDEX($W$6:$W$65,MATCH($A15,$X$6:$X$65,0)),""),"—"),"") | I15: =IF(OR(H15="",H15="—"),"",IF(INDEX(corrientes,MATCH(H15,{"I1","I2","I3"},0))="","",INDEX(corrientes,MATCH(H15,{"I1","I2","I3"},0)))) | M15: =MOD(ABS(SIN(semilla*12.9898+10*78.233+1*37.719))*43758.5453,1) -> 0.0026560221 | N15: ="I"&(MOD(10-1,3)+1) -> I1 | O15: =IF(ISNUMBER($A15),IF(1<=dias,COUNTIFS($M$6:$M$65,"<"&M15,$A$6:$A$65,">0")+1,""),"") | P15: =MOD(ABS(SIN(semilla*12.9898+10*78.233+2*37.719))*43758.5453,1) -> 0.25113739 | Q15: ="I"&(MOD(10-1,3)+1) -> I1 | R15: =IF(ISNUMBER($A15),IF(2<=dias,COUNTIFS($P$6:$P$65,"<"&P15,$A$6:$A$65,">0")+1,""),"") | S15: =MOD(ABS(SIN(semilla*12.9898+10*78.233+3*37.719))*43758.5453,1) -> 0.062275343 | T15: ="I"&(MOD(10-1,3)+1) -> I1 | U15: =IF(ISNUMBER($A15),IF(3<=dias,COUNTIFS($S$6:$S$65,"<"&S15,$A$6:$A$65,">0")+1,""),"") | V15: =MOD(ABS(SIN(semilla*12.9898+10*78.233+4*37.719))*43758.5453,1) -> 0.72646021 | W15: ="I"&(MOD(10-1,3)+1) -> I1 | X15: =IF(ISNUMBER($A15),IF(4<=dias,COUNTIFS($V$6:$V$65,"<"&V15,$A$6:$A$65,">0")+1,""),"")
A16: =IF(ISNUMBER(rpd),IF(11<=3*rpd,11,""),"") | B16: =IF(ISNUMBER($A16),IF(1<=dias,IFERROR(INDEX($N$6:$N$65,MATCH($A16,$O$6:$O$65,0)),""),"—"),"") | C16: =IF(OR(B16="",B16="—"),"",IF(INDEX(corrientes,MATCH(B16,{"I1","I2","I3"},0))="","",INDEX(corrientes,MATCH(B16,{"I1","I2","I3"},0)))) | D16: =IF(ISNUMBER($A16),IF(2<=dias,IFERROR(INDEX($Q$6:$Q$65,MATCH($A16,$R$6:$R$65,0)),""),"—"),"") | E16: =IF(OR(D16="",D16="—"),"",IF(INDEX(corrientes,MATCH(D16,{"I1","I2","I3"},0))="","",INDEX(corrientes,MATCH(D16,{"I1","I2","I3"},0)))) | F16: =IF(ISNUMBER($A16),IF(3<=dias,IFERROR(INDEX($T$6:$T$65,MATCH($A16,$U$6:$U$65,0)),""),"—"),"") | G16: =IF(OR(F16="",F16="—"),"",IF(INDEX(corrientes,MATCH(F16,{"I1","I2","I3"},0))="","",INDEX(corrientes,MATCH(F16,{"I1","I2","I3"},0)))) | H16: =IF(ISNUMBER($A16),IF(4<=dias,IFERROR(INDEX($W$6:$W$65,MATCH($A16,$X$6:$X$65,0)),""),"—"),"") | I16: =IF(OR(H16="",H16="—"),"",IF(INDEX(corrientes,MATCH(H16,{"I1","I2","I3"},0))="","",INDEX(corrientes,MATCH(H16,{"I1","I2","I3"},0)))) | M16: =MOD(ABS(SIN(semilla*12.9898+11*78.233+1*37.719))*43758.5453,1) -> 0.97631024 | N16: ="I"&(MOD(11-1,3)+1) -> I2 | O16: =IF(ISNUMBER($A16),IF(1<=dias,COUNTIFS($M$6:$M$65,"<"&M16,$A$6:$A$65,">0")+1,""),"") | P16: =MOD(ABS(SIN(semilla*12.9898+11*78.233+2*37.719))*43758.5453,1) -> 0.57416637 | Q16: ="I"&(MOD(11-1,3)+1) -> I2 | R16: =IF(ISNUMBER($A16),IF(2<=dias,COUNTIFS($P$6:$P$65,"<"&P16,$A$6:$A$65,">0")+1,""),"") | S16: =MOD(ABS(SIN(semilla*12.9898+11*78.233+3*37.719))*43758.5453,1) -> 0.79353268 | T16: ="I"&(MOD(11-1,3)+1) -> I2 | U16: =IF(ISNUMBER($A16),IF(3<=dias,COUNTIFS($S$6:$S$65,"<"&S16,$A$6:$A$65,">0")+1,""),"") | V16: =MOD(ABS(SIN(semilla*12.9898+11*78.233+4*37.719))*43758.5453,1) -> 0.85542111 | W16: ="I"&(MOD(11-1,3)+1) -> I2 | X16: =IF(ISNUMBER($A16),IF(4<=dias,COUNTIFS($V$6:$V$65,"<"&V16,$A$6:$A$65,">0")+1,""),"")
A17: =IF(ISNUMBER(rpd),IF(12<=3*rpd,12,""),"") | B17: =IF(ISNUMBER($A17),IF(1<=dias,IFERROR(INDEX($N$6:$N$65,MATCH($A17,$O$6:$O$65,0)),""),"—"),"") | C17: =IF(OR(B17="",B17="—"),"",IF(INDEX(corrientes,MATCH(B17,{"I1","I2","I3"},0))="","",INDEX(corrientes,MATCH(B17,{"I1","I2","I3"},0)))) | D17: =IF(ISNUMBER($A17),IF(2<=dias,IFERROR(INDEX($Q$6:$Q$65,MATCH($A17,$R$6:$R$65,0)),""),"—"),"") | E17: =IF(OR(D17="",D17="—"),"",IF(INDEX(corrientes,MATCH(D17,{"I1","I2","I3"},0))="","",INDEX(corrientes,MATCH(D17,{"I1","I2","I3"},0)))) | F17: =IF(ISNUMBER($A17),IF(3<=dias,IFERROR(INDEX($T$6:$T$65,MATCH($A17,$U$6:$U$65,0)),""),"—"),"") | G17: =IF(OR(F17="",F17="—"),"",IF(INDEX(corrientes,MATCH(F17,{"I1","I2","I3"},0))="","",INDEX(corrientes,MATCH(F17,{"I1","I2","I3"},0)))) | H17: =IF(ISNUMBER($A17),IF(4<=dias,IFERROR(INDEX($W$6:$W$65,MATCH($A17,$X$6:$X$65,0)),""),"—"),"") | I17: =IF(OR(H17="",H17="—"),"",IF(INDEX(corrientes,MATCH(H17,{"I1","I2","I3"},0))="","",INDEX(corrientes,MATCH(H17,{"I1","I2","I3"},0)))) | M17: =MOD(ABS(SIN(semilla*12.9898+12*78.233+1*37.719))*43758.5453,1) -> 0.79039814 | N17: ="I"&(MOD(12-1,3)+1) -> I3 | O17: =IF(ISNUMBER($A17),IF(1<=dias,COUNTIFS($M$6:$M$65,"<"&M17,$A$6:$A$65,">0")+1,""),"") | P17: =MOD(ABS(SIN(semilla*12.9898+12*78.233+2*37.719))*43758.5453,1) -> 0.67824922 | Q17: ="I"&(MOD(12-1,3)+1) -> I3 | R17: =IF(ISNUMBER($A17),IF(2<=dias,COUNTIFS($P$6:$P$65,"<"&P17,$A$6:$A$65,">0")+1,""),"") | S17: =MOD(ABS(SIN(semilla*12.9898+12*78.233+3*37.719))*43758.5453,1) -> 0.49601652 | T17: ="I"&(MOD(12-1,3)+1) -> I3 | U17: =IF(ISNUMBER($A17),IF(3<=dias,COUNTIFS($S$6:$S$65,"<"&S17,$A$6:$A$65,">0")+1,""),"") | V17: =MOD(ABS(SIN(semilla*12.9898+12*78.233+4*37.719))*43758.5453,1) -> 0.37469103 | W17: ="I"&(MOD(12-1,3)+1) -> I3 | X17: =IF(ISNUMBER($A17),IF(4<=dias,COUNTIFS($V$6:$V$65,"<"&V17,$A$6:$A$65,">0")+1,""),"")
A18: =IF(ISNUMBER(rpd),IF(13<=3*rpd,13,""),"") | B18: =IF(ISNUMBER($A18),IF(1<=dias,IFERROR(INDEX($N$6:$N$65,MATCH($A18,$O$6:$O$65,0)),""),"—"),"") | C18: =IF(OR(B18="",B18="—"),"",IF(INDEX(corrientes,MATCH(B18,{"I1","I2","I3"},0))="","",INDEX(corrientes,MATCH(B18,{"I1","I2","I3"},0)))) | D18: =IF(ISNUMBER($A18),IF(2<=dias,IFERROR(INDEX($Q$6:$Q$65,MATCH($A18,$R$6:$R$65,0)),""),"—"),"") | E18: =IF(OR(D18="",D18="—"),"",IF(INDEX(corrientes,MATCH(D18,{"I1","I2","I3"},0))="","",INDEX(corrientes,MATCH(D18,{"I1","I2","I3"},0)))) | F18: =IF(ISNUMBER($A18),IF(3<=dias,IFERROR(INDEX($T$6:$T$65,MATCH($A18,$U$6:$U$65,0)),""),"—"),"") | G18: =IF(OR(F18="",F18="—"),"",IF(INDEX(corrientes,MATCH(F18,{"I1","I2","I3"},0))="","",INDEX(corrientes,MATCH(F18,{"I1","I2","I3"},0)))) | H18: =IF(ISNUMBER($A18),IF(4<=dias,IFERROR(INDEX($W$6:$W$65,MATCH($A18,$X$6:$X$65,0)),""),"—"),"") | I18: =IF(OR(H18="",H18="—"),"",IF(INDEX(corrientes,MATCH(H18,{"I1","I2","I3"},0))="","",INDEX(corrientes,MATCH(H18,{"I1","I2","I3"},0)))) | M18: =MOD(ABS(SIN(semilla*12.9898+13*78.233+1*37.719))*43758.5453,1) -> 0.35656099 | N18: ="I"&(MOD(13-1,3)+1) -> I1 | O18: =IF(ISNUMBER($A18),IF(1<=dias,COUNTIFS($M$6:$M$65,"<"&M18,$A$6:$A$65,">0")+1,""),"") | P18: =MOD(ABS(SIN(semilla*12.9898+13*78.233+2*37.719))*43758.5453,1) -> 0.96591639 | Q18: ="I"&(MOD(13-1,3)+1) -> I1 | R18: =IF(ISNUMBER($A18),IF(2<=dias,COUNTIFS($P$6:$P$65,"<"&P18,$A$6:$A$65,">0")+1,""),"") | S18: =MOD(ABS(SIN(semilla*12.9898+13*78.233+3*37.719))*43758.5453,1) -> 0.31454162 | T18: ="I"&(MOD(13-1,3)+1) -> I1 | U18: =IF(ISNUMBER($A18),IF(3<=dias,COUNTIFS($S$6:$S$65,"<"&S18,$A$6:$A$65,">0")+1,""),"") | V18: =MOD(ABS(SIN(semilla*12.9898+13*78.233+4*37.719))*43758.5453,1) -> 0.43117217 | W18: ="I"&(MOD(13-1,3)+1) -> I1 | X18: =IF(ISNUMBER($A18),IF(4<=dias,COUNTIFS($V$6:$V$65,"<"&V18,$A$6:$A$65,">0")+1,""),"")
A19: =IF(ISNUMBER(rpd),IF(14<=3*rpd,14,""),"") | B19: =IF(ISNUMBER($A19),IF(1<=dias,IFERROR(INDEX($N$6:$N$65,MATCH($A19,$O$6:$O$65,0)),""),"—"),"") | C19: =IF(OR(B19="",B19="—"),"",IF(INDEX(corrientes,MATCH(B19,{"I1","I2","I3"},0))="","",INDEX(corrientes,MATCH(B19,{"I1","I2","I3"},0)))) | D19: =IF(ISNUMBER($A19),IF(2<=dias,IFERROR(INDEX($Q$6:$Q$65,MATCH($A19,$R$6:$R$65,0)),""),"—"),"") | E19: =IF(OR(D19="",D19="—"),"",IF(INDEX(corrientes,MATCH(D19,{"I1","I2","I3"},0))="","",INDEX(corrientes,MATCH(D19,{"I1","I2","I3"},0)))) | F19: =IF(ISNUMBER($A19),IF(3<=dias,IFERROR(INDEX($T$6:$T$65,MATCH($A19,$U$6:$U$65,0)),""),"—"),"") | G19: =IF(OR(F19="",F19="—"),"",IF(INDEX(corrientes,MATCH(F19,{"I1","I2","I3"},0))="","",INDEX(corrientes,MATCH(F19,{"I1","I2","I3"},0)))) | H19: =IF(ISNUMBER($A19),IF(4<=dias,IFERROR(INDEX($W$6:$W$65,MATCH($A19,$X$6:$X$65,0)),""),"—"),"") | I19: =IF(OR(H19="",H19="—"),"",IF(INDEX(corrientes,MATCH(H19,{"I1","I2","I3"},0))="","",INDEX(corrientes,MATCH(H19,{"I1","I2","I3"},0)))) | M19: =MOD(ABS(SIN(semilla*12.9898+14*78.233+1*37.719))*43758.5453,1) -> 0.77161678 | N19: ="I"&(MOD(14-1,3)+1) -> I2 | O19: =IF(ISNUMBER($A19),IF(1<=dias,COUNTIFS($M$6:$M$65,"<"&M19,$A$6:$A$65,">0")+1,""),"") | P19: =MOD(ABS(SIN(semilla*12.9898+14*78.233+2*37.719))*43758.5453,1) -> 0.27596878 | Q19: ="I"&(MOD(14-1,3)+1) -> I2 | R19: =IF(ISNUMBER($A19),IF(2<=dias,COUNTIFS($P$6:$P$65,"<"&P19,$A$6:$A$65,">0")+1,""),"") | S19: =MOD(ABS(SIN(semilla*12.9898+14*78.233+3*37.719))*43758.5453,1) -> 0.94109834 | T19: ="I"&(MOD(14-1,3)+1) -> I2 | U19: =IF(ISNUMBER($A19),IF(3<=dias,COUNTIFS($S$6:$S$65,"<"&S19,$A$6:$A$65,">0")+1,""),"") | V19: =MOD(ABS(SIN(semilla*12.9898+14*78.233+4*37.719))*43758.5453,1) -> 0.69080153 | W19: ="I"&(MOD(14-1,3)+1) -> I2 | X19: =IF(ISNUMBER($A19),IF(4<=dias,COUNTIFS($V$6:$V$65,"<"&V19,$A$6:$A$65,">0")+1,""),"")
A20: =IF(ISNUMBER(rpd),IF(15<=3*rpd,15,""),"") | B20: =IF(ISNUMBER($A20),IF(1<=dias,IFERROR(INDEX($N$6:$N$65,MATCH($A20,$O$6:$O$65,0)),""),"—"),"") | C20: =IF(OR(B20="",B20="—"),"",IF(INDEX(corrientes,MATCH(B20,{"I1","I2","I3"},0))="","",INDEX(corrientes,MATCH(B20,{"I1","I2","I3"},0)))) | D20: =IF(ISNUMBER($A20),IF(2<=dias,IFERROR(INDEX($Q$6:$Q$65,MATCH($A20,$R$6:$R$65,0)),""),"—"),"") | E20: =IF(OR(D20="",D20="—"),"",IF(INDEX(corrientes,MATCH(D20,{"I1","I2","I3"},0))="","",INDEX(corrientes,MATCH(D20,{"I1","I2","I3"},0)))) | F20: =IF(ISNUMBER($A20),IF(3<=dias,IFERROR(INDEX($T$6:$T$65,MATCH($A20,$U$6:$U$65,0)),""),"—"),"") | G20: =IF(OR(F20="",F20="—"),"",IF(INDEX(corrientes,MATCH(F20,{"I1","I2","I3"},0))="","",INDEX(corrientes,MATCH(F20,{"I1","I2","I3"},0)))) | H20: =IF(ISNUMBER($A20),IF(4<=dias,IFERROR(INDEX($W$6:$W$65,MATCH($A20,$X$6:$X$65,0)),""),"—"),"") | I20: =IF(OR(H20="",H20="—"),"",IF(INDEX(corrientes,MATCH(H20,{"I1","I2","I3"},0))="","",INDEX(corrientes,MATCH(H20,{"I1","I2","I3"},0)))) | M20: =MOD(ABS(SIN(semilla*12.9898+15*78.233+1*37.719))*43758.5453,1) -> 0.31234559 | N20: ="I"&(MOD(15-1,3)+1) -> I3 | O20: =IF(ISNUMBER($A20),IF(1<=dias,COUNTIFS($M$6:$M$65,"<"&M20,$A$6:$A$65,">0")+1,""),"") | P20: =MOD(ABS(SIN(semilla*12.9898+15*78.233+2*37.719))*43758.5453,1) -> 0.14396469 | Q20: ="I"&(MOD(15-1,3)+1) -> I3 | R20: =IF(ISNUMBER($A20),IF(2<=dias,COUNTIFS($P$6:$P$65,"<"&P20,$A$6:$A$65,">0")+1,""),"") | S20: =MOD(ABS(SIN(semilla*12.9898+15*78.233+3*37.719))*43758.5453,1) -> 0.13065429 | T20: ="I"&(MOD(15-1,3)+1) -> I3 | U20: =IF(ISNUMBER($A20),IF(3<=dias,COUNTIFS($S$6:$S$65,"<"&S20,$A$6:$A$65,">0")+1,""),"") | V20: =MOD(ABS(SIN(semilla*12.9898+15*78.233+4*37.719))*43758.5453,1) -> 0.098388503 | W20: ="I"&(MOD(15-1,3)+1) -> I3 | X20: =IF(ISNUMBER($A20),IF(4<=dias,COUNTIFS($V$6:$V$65,"<"&V20,$A$6:$A$65,">0")+1,""),"")
A21: =IF(ISNUMBER(rpd),IF(16<=3*rpd,16,""),"") | B21: =IF(ISNUMBER($A21),IF(1<=dias,IFERROR(INDEX($N$6:$N$65,MATCH($A21,$O$6:$O$65,0)),""),"—"),"") | C21: =IF(OR(B21="",B21="—"),"",IF(INDEX(corrientes,MATCH(B21,{"I1","I2","I3"},0))="","",INDEX(corrientes,MATCH(B21,{"I1","I2","I3"},0)))) | D21: =IF(ISNUMBER($A21),IF(2<=dias,IFERROR(INDEX($Q$6:$Q$65,MATCH($A21,$R$6:$R$65,0)),""),"—"),"") | E21: =IF(OR(D21="",D21="—"),"",IF(INDEX(corrientes,MATCH(D21,{"I1","I2","I3"},0))="","",INDEX(corrientes,MATCH(D21,{"I1","I2","I3"},0)))) | F21: =IF(ISNUMBER($A21),IF(3<=dias,IFERROR(INDEX($T$6:$T$65,MATCH($A21,$U$6:$U$65,0)),""),"—"),"") | G21: =IF(OR(F21="",F21="—"),"",IF(INDEX(corrientes,MATCH(F21,{"I1","I2","I3"},0))="","",INDEX(corrientes,MATCH(F21,{"I1","I2","I3"},0)))) | H21: =IF(ISNUMBER($A21),IF(4<=dias,IFERROR(INDEX($W$6:$W$65,MATCH($A21,$X$6:$X$65,0)),""),"—"),"") | I21: =IF(OR(H21="",H21="—"),"",IF(INDEX(corrientes,MATCH(H21,{"I1","I2","I3"},0))="","",INDEX(corrientes,MATCH(H21,{"I1","I2","I3"},0)))) | M21: =MOD(ABS(SIN(semilla*12.9898+16*78.233+1*37.719))*43758.5453,1) -> 0.8280247 | N21: ="I"&(MOD(16-1,3)+1) -> I1 | O21: =IF(ISNUMBER($A21),IF(1<=dias,COUNTIFS($M$6:$M$65,"<"&M21,$A$6:$A$65,">0")+1,""),"") | P21: =MOD(ABS(SIN(semilla*12.9898+16*78.233+2*37.719))*43758.5453,1) -> 0.50558766 | Q21: ="I"&(MOD(16-1,3)+1) -> I1 | R21: =IF(ISNUMBER($A21),IF(2<=dias,COUNTIFS($P$6:$P$65,"<"&P21,$A$6:$A$65,">0")+1,""),"") | S21: =MOD(ABS(SIN(semilla*12.9898+16*78.233+3*37.719))*43758.5453,1) -> 0.71903212 | T21: ="I"&(MOD(16-1,3)+1) -> I1 | U21: =IF(ISNUMBER($A21),IF(3<=dias,COUNTIFS($S$6:$S$65,"<"&S21,$A$6:$A$65,">0")+1,""),"") | V21: =MOD(ABS(SIN(semilla*12.9898+16*78.233+4*37.719))*43758.5453,1) -> 0.21276426 | W21: ="I"&(MOD(16-1,3)+1) -> I1 | X21: =IF(ISNUMBER($A21),IF(4<=dias,COUNTIFS($V$6:$V$65,"<"&V21,$A$6:$A$65,">0")+1,""),"")
A22: =IF(ISNUMBER(rpd),IF(17<=3*rpd,17,""),"") | B22: =IF(ISNUMBER($A22),IF(1<=dias,IFERROR(INDEX($N$6:$N$65,MATCH($A22,$O$6:$O$65,0)),""),"—"),"") | C22: =IF(OR(B22="",B22="—"),"",IF(INDEX(corrientes,MATCH(B22,{"I1","I2","I3"},0))="","",INDEX(corrientes,MATCH(B22,{"I1","I2","I3"},0)))) | D22: =IF(ISNUMBER($A22),IF(2<=dias,IFERROR(INDEX($Q$6:$Q$65,MATCH($A22,$R$6:$R$65,0)),""),"—"),"") | E22: =IF(OR(D22="",D22="—"),"",IF(INDEX(corrientes,MATCH(D22,{"I1","I2","I3"},0))="","",INDEX(corrientes,MATCH(D22,{"I1","I2","I3"},0)))) | F22: =IF(ISNUMBER($A22),IF(3<=dias,IFERROR(INDEX($T$6:$T$65,MATCH($A22,$U$6:$U$65,0)),""),"—"),"") | G22: =IF(OR(F22="",F22="—"),"",IF(INDEX(corrientes,MATCH(F22,{"I1","I2","I3"},0))="","",INDEX(corrientes,MATCH(F22,{"I1","I2","I3"},0)))) | H22: =IF(ISNUMBER($A22),IF(4<=dias,IFERROR(INDEX($W$6:$W$65,MATCH($A22,$X$6:$X$65,0)),""),"—"),"") | I22: =IF(OR(H22="",H22="—"),"",IF(INDEX(corrientes,MATCH(H22,{"I1","I2","I3"},0))="","",INDEX(corrientes,MATCH(H22,{"I1","I2","I3"},0)))) | M22: =MOD(ABS(SIN(semilla*12.9898+17*78.233+1*37.719))*43758.5453,1) -> 0.61485179 | N22: ="I"&(MOD(17-1,3)+1) -> I2 | O22: =IF(ISNUMBER($A22),IF(1<=dias,COUNTIFS($M$6:$M$65,"<"&M22,$A$6:$A$65,">0")+1,""),"") | P22: =MOD(ABS(SIN(semilla*12.9898+17*78.233+2*37.719))*43758.5453,1) -> 0.71120192 | Q22: ="I"&(MOD(17-1,3)+1) -> I2 | R22: =IF(ISNUMBER($A22),IF(2<=dias,COUNTIFS($P$6:$P$65,"<"&P22,$A$6:$A$65,">0")+1,""),"") | S22: =MOD(ABS(SIN(semilla*12.9898+17*78.233+3*37.719))*43758.5453,1) -> 0.79499447 | T22: ="I"&(MOD(17-1,3)+1) -> I2 | U22: =IF(ISNUMBER($A22),IF(3<=dias,COUNTIFS($S$6:$S$65,"<"&S22,$A$6:$A$65,">0")+1,""),"") | V22: =MOD(ABS(SIN(semilla*12.9898+17*78.233+4*37.719))*43758.5453,1) -> 0.5529402 | W22: ="I"&(MOD(17-1,3)+1) -> I2 | X22: =IF(ISNUMBER($A22),IF(4<=dias,COUNTIFS($V$6:$V$65,"<"&V22,$A$6:$A$65,">0")+1,""),"")
A23: =IF(ISNUMBER(rpd),IF(18<=3*rpd,18,""),"") | B23: =IF(ISNUMBER($A23),IF(1<=dias,IFERROR(INDEX($N$6:$N$65,MATCH($A23,$O$6:$O$65,0)),""),"—"),"") | C23: =IF(OR(B23="",B23="—"),"",IF(INDEX(corrientes,MATCH(B23,{"I1","I2","I3"},0))="","",INDEX(corrientes,MATCH(B23,{"I1","I2","I3"},0)))) | D23: =IF(ISNUMBER($A23),IF(2<=dias,IFERROR(INDEX($Q$6:$Q$65,MATCH($A23,$R$6:$R$65,0)),""),"—"),"") | E23: =IF(OR(D23="",D23="—"),"",IF(INDEX(corrientes,MATCH(D23,{"I1","I2","I3"},0))="","",INDEX(corrientes,MATCH(D23,{"I1","I2","I3"},0)))) | F23: =IF(ISNUMBER($A23),IF(3<=dias,IFERROR(INDEX($T$6:$T$65,MATCH($A23,$U$6:$U$65,0)),""),"—"),"") | G23: =IF(OR(F23="",F23="—"),"",IF(INDEX(corrientes,MATCH(F23,{"I1","I2","I3"},0))="","",INDEX(corrientes,MATCH(F23,{"I1","I2","I3"},0)))) | H23: =IF(ISNUMBER($A23),IF(4<=dias,IFERROR(INDEX($W$6:$W$65,MATCH($A23,$X$6:$X$65,0)),""),"—"),"") | I23: =IF(OR(H23="",H23="—"),"",IF(INDEX(corrientes,MATCH(H23,{"I1","I2","I3"},0))="","",INDEX(corrientes,MATCH(H23,{"I1","I2","I3"},0)))) | M23: =MOD(ABS(SIN(semilla*12.9898+18*78.233+1*37.719))*43758.5453,1) -> 0.080390209 | N23: ="I"&(MOD(18-1,3)+1) -> I3 | O23: =IF(ISNUMBER($A23),IF(1<=dias,COUNTIFS($M$6:$M$65,"<"&M23,$A$6:$A$65,">0")+1,""),"") | P23: =MOD(ABS(SIN(semilla*12.9898+18*78.233+2*37.719))*43758.5453,1) -> 0.95984055 | Q23: ="I"&(MOD(18-1,3)+1) -> I3 | R23: =IF(ISNUMBER($A23),IF(2<=dias,COUNTIFS($P$6:$P$65,"<"&P23,$A$6:$A$65,">0")+1,""),"") | S23: =MOD(ABS(SIN(semilla*12.9898+18*78.233+3*37.719))*43758.5453,1) -> 0.93326789 | T23: ="I"&(MOD(18-1,3)+1) -> I3 | U23: =IF(ISNUMBER($A23),IF(3<=dias,COUNTIFS($S$6:$S$65,"<"&S23,$A$6:$A$65,">0")+1,""),"") | V23: =MOD(ABS(SIN(semilla*12.9898+18*78.233+4*37.719))*43758.5453,1) -> 0.65894878 | W23: ="I"&(MOD(18-1,3)+1) -> I3 | X23: =IF(ISNUMBER($A23),IF(4<=dias,COUNTIFS($V$6:$V$65,"<"&V23,$A$6:$A$65,">0")+1,""),"")
A24: =IF(ISNUMBER(rpd),IF(19<=3*rpd,19,""),"") | B24: =IF(ISNUMBER($A24),IF(1<=dias,IFERROR(INDEX($N$6:$N$65,MATCH($A24,$O$6:$O$65,0)),""),"—"),"") | C24: =IF(OR(B24="",B24="—"),"",IF(INDEX(corrientes,MATCH(B24,{"I1","I2","I3"},0))="","",INDEX(corrientes,MATCH(B24,{"I1","I2","I3"},0)))) | D24: =IF(ISNUMBER($A24),IF(2<=dias,IFERROR(INDEX($Q$6:$Q$65,MATCH($A24,$R$6:$R$65,0)),""),"—"),"") | E24: =IF(OR(D24="",D24="—"),"",IF(INDEX(corrientes,MATCH(D24,{"I1","I2","I3"},0))="","",INDEX(corrientes,MATCH(D24,{"I1","I2","I3"},0)))) | F24: =IF(ISNUMBER($A24),IF(3<=dias,IFERROR(INDEX($T$6:$T$65,MATCH($A24,$U$6:$U$65,0)),""),"—"),"") | G24: =IF(OR(F24="",F24="—"),"",IF(INDEX(corrientes,MATCH(F24,{"I1","I2","I3"},0))="","",INDEX(corrientes,MATCH(F24,{"I1","I2","I3"},0)))) | H24: =IF(ISNUMBER($A24),IF(4<=dias,IFERROR(INDEX($W$6:$W$65,MATCH($A24,$X$6:$X$65,0)),""),"—"),"") | I24: =IF(OR(H24="",H24="—"),"",IF(INDEX(corrientes,MATCH(H24,{"I1","I2","I3"},0))="","",INDEX(corrientes,MATCH(H24,{"I1","I2","I3"},0)))) | M24: =MOD(ABS(SIN(semilla*12.9898+19*78.233+1*37.719))*43758.5453,1) -> 0.67221445 | N24: ="I"&(MOD(19-1,3)+1) -> I1 | O24: =IF(ISNUMBER($A24),IF(1<=dias,COUNTIFS($M$6:$M$65,"<"&M24,$A$6:$A$65,">0")+1,""),"") | P24: =MOD(ABS(SIN(semilla*12.9898+19*78.233+2*37.719))*43758.5453,1) -> 0.88289976 | Q24: ="I"&(MOD(19-1,3)+1) -> I1 | R24: =IF(ISNUMBER($A24),IF(2<=dias,COUNTIFS($P$6:$P$65,"<"&P24,$A$6:$A$65,">0")+1,""),"") | S24: =MOD(ABS(SIN(semilla*12.9898+19*78.233+3*37.719))*43758.5453,1) -> 0.71505076 | T24: ="I"&(MOD(19-1,3)+1) -> I1 | U24: =IF(ISNUMBER($A24),IF(3<=dias,COUNTIFS($S$6:$S$65,"<"&S24,$A$6:$A$65,">0")+1,""),"") | V24: =MOD(ABS(SIN(semilla*12.9898+19*78.233+4*37.719))*43758.5453,1) -> 0.50690803 | W24: ="I"&(MOD(19-1,3)+1) -> I1 | X24: =IF(ISNUMBER($A24),IF(4<=dias,COUNTIFS($V$6:$V$65,"<"&V24,$A$6:$A$65,">0")+1,""),"")
A25: =IF(ISNUMBER(rpd),IF(20<=3*rpd,20,""),"") | B25: =IF(ISNUMBER($A25),IF(1<=dias,IFERROR(INDEX($N$6:$N$65,MATCH($A25,$O$6:$O$65,0)),""),"—"),"") | C25: =IF(OR(B25="",B25="—"),"",IF(INDEX(corrientes,MATCH(B25,{"I1","I2","I3"},0))="","",INDEX(corrientes,MATCH(B25,{"I1","I2","I3"},0)))) | D25: =IF(ISNUMBER($A25),IF(2<=dias,IFERROR(INDEX($Q$6:$Q$65,MATCH($A25,$R$6:$R$65,0)),""),"—"),"") | E25: =IF(OR(D25="",D25="—"),"",IF(INDEX(corrientes,MATCH(D25,{"I1","I2","I3"},0))="","",INDEX(corrientes,MATCH(D25,{"I1","I2","I3"},0)))) | F25: =IF(ISNUMBER($A25),IF(3<=dias,IFERROR(INDEX($T$6:$T$65,MATCH($A25,$U$6:$U$65,0)),""),"—"),"") | G25: =IF(OR(F25="",F25="—"),"",IF(INDEX(corrientes,MATCH(F25,{"I1","I2","I3"},0))="","",INDEX(corrientes,MATCH(F25,{"I1","I2","I3"},0)))) | H25: =IF(ISNUMBER($A25),IF(4<=dias,IFERROR(INDEX($W$6:$W$65,MATCH($A25,$X$6:$X$65,0)),""),"—"),"") | I25: =IF(OR(H25="",H25="—"),"",IF(INDEX(corrientes,MATCH(H25,{"I1","I2","I3"},0))="","",INDEX(corrientes,MATCH(H25,{"I1","I2","I3"},0)))) | M25: =MOD(ABS(SIN(semilla*12.9898+20*78.233+1*37.719))*43758.5453,1) -> 0.054801458 | N25: ="I"&(MOD(20-1,3)+1) -> I2 | O25: =IF(ISNUMBER($A25),IF(1<=dias,COUNTIFS($M$6:$M$65,"<"&M25,$A$6:$A$65,">0")+1,""),"") | P25: =MOD(ABS(SIN(semilla*12.9898+20*78.233+2*37.719))*43758.5453,1) -> 0.91283807 | Q25: ="I"&(MOD(20-1,3)+1) -> I2 | R25: =IF(ISNUMBER($A25),IF(2<=dias,COUNTIFS($P$6:$P$65,"<"&P25,$A$6:$A$65,">0")+1,""),"") | S25: =MOD(ABS(SIN(semilla*12.9898+20*78.233+3*37.719))*43758.5453,1) -> 0.42333851 | T25: ="I"&(MOD(20-1,3)+1) -> I2 | U25: =IF(ISNUMBER($A25),IF(3<=dias,COUNTIFS($S$6:$S$65,"<"&S25,$A$6:$A$65,">0")+1,""),"") | V25: =MOD(ABS(SIN(semilla*12.9898+20*78.233+4*37.719))*43758.5453,1) -> 0.88946884 | W25: ="I"&(MOD(20-1,3)+1) -> I2 | X25: =IF(ISNUMBER($A25),IF(4<=dias,COUNTIFS($V$6:$V$65,"<"&V25,$A$6:$A$65,">0")+1,""),"")
A26: =IF(ISNUMBER(rpd),IF(21<=3*rpd,21,""),"") | B26: =IF(ISNUMBER($A26),IF(1<=dias,IFERROR(INDEX($N$6:$N$65,MATCH($A26,$O$6:$O$65,0)),""),"—"),"") | C26: =IF(OR(B26="",B26="—"),"",IF(INDEX(corrientes,MATCH(B26,{"I1","I2","I3"},0))="","",INDEX(corrientes,MATCH(B26,{"I1","I2","I3"},0)))) | D26: =IF(ISNUMBER($A26),IF(2<=dias,IFERROR(INDEX($Q$6:$Q$65,MATCH($A26,$R$6:$R$65,0)),""),"—"),"") | E26: =IF(OR(D26="",D26="—"),"",IF(INDEX(corrientes,MATCH(D26,{"I1","I2","I3"},0))="","",INDEX(corrientes,MATCH(D26,{"I1","I2","I3"},0)))) | F26: =IF(ISNUMBER($A26),IF(3<=dias,IFERROR(INDEX($T$6:$T$65,MATCH($A26,$U$6:$U$65,0)),""),"—"),"") | G26: =IF(OR(F26="",F26="—"),"",IF(INDEX(corrientes,MATCH(F26,{"I1","I2","I3"},0))="","",INDEX(corrientes,MATCH(F26,{"I1","I2","I3"},0)))) | H26: =IF(ISNUMBER($A26),IF(4<=dias,IFERROR(INDEX($W$6:$W$65,MATCH($A26,$X$6:$X$65,0)),""),"—"),"") | I26: =IF(OR(H26="",H26="—"),"",IF(INDEX(corrientes,MATCH(H26,{"I1","I2","I3"},0))="","",INDEX(corrientes,MATCH(H26,{"I1","I2","I3"},0)))) | M26: =MOD(ABS(SIN(semilla*12.9898+21*78.233+1*37.719))*43758.5453,1) -> 0.42566618 | N26: ="I"&(MOD(21-1,3)+1) -> I3 | O26: =IF(ISNUMBER($A26),IF(1<=dias,COUNTIFS($M$6:$M$65,"<"&M26,$A$6:$A$65,">0")+1,""),"") | P26: =MOD(ABS(SIN(semilla*12.9898+21*78.233+2*37.719))*43758.5453,1) -> 0.74159683 | Q26: ="I"&(MOD(21-1,3)+1) -> I3 | R26: =IF(ISNUMBER($A26),IF(2<=dias,COUNTIFS($P$6:$P$65,"<"&P26,$A$6:$A$65,">0")+1,""),"") | S26: =MOD(ABS(SIN(semilla*12.9898+21*78.233+3*37.719))*43758.5453,1) -> 0.52065025 | T26: ="I"&(MOD(21-1,3)+1) -> I3 | U26: =IF(ISNUMBER($A26),IF(3<=dias,COUNTIFS($S$6:$S$65,"<"&S26,$A$6:$A$65,">0")+1,""),"") | V26: =MOD(ABS(SIN(semilla*12.9898+21*78.233+4*37.719))*43758.5453,1) -> 0.002602233 | W26: ="I"&(MOD(21-1,3)+1) -> I3 | X26: =IF(ISNUMBER($A26),IF(4<=dias,COUNTIFS($V$6:$V$65,"<"&V26,$A$6:$A$65,">0")+1,""),"")
A27: =IF(ISNUMBER(rpd),IF(22<=3*rpd,22,""),"") | B27: =IF(ISNUMBER($A27),IF(1<=dias,IFERROR(INDEX($N$6:$N$65,MATCH($A27,$O$6:$O$65,0)),""),"—"),"") | C27: =IF(OR(B27="",B27="—"),"",IF(INDEX(corrientes,MATCH(B27,{"I1","I2","I3"},0))="","",INDEX(corrientes,MATCH(B27,{"I1","I2","I3"},0)))) | D27: =IF(ISNUMBER($A27),IF(2<=dias,IFERROR(INDEX($Q$6:$Q$65,MATCH($A27,$R$6:$R$65,0)),""),"—"),"") | E27: =IF(OR(D27="",D27="—"),"",IF(INDEX(corrientes,MATCH(D27,{"I1","I2","I3"},0))="","",INDEX(corrientes,MATCH(D27,{"I1","I2","I3"},0)))) | F27: =IF(ISNUMBER($A27),IF(3<=dias,IFERROR(INDEX($T$6:$T$65,MATCH($A27,$U$6:$U$65,0)),""),"—"),"") | G27: =IF(OR(F27="",F27="—"),"",IF(INDEX(corrientes,MATCH(F27,{"I1","I2","I3"},0))="","",INDEX(corrientes,MATCH(F27,{"I1","I2","I3"},0)))) | H27: =IF(ISNUMBER($A27),IF(4<=dias,IFERROR(INDEX($W$6:$W$65,MATCH($A27,$X$6:$X$65,0)),""),"—"),"") | I27: =IF(OR(H27="",H27="—"),"",IF(INDEX(corrientes,MATCH(H27,{"I1","I2","I3"},0))="","",INDEX(corrientes,MATCH(H27,{"I1","I2","I3"},0)))) | M27: =MOD(ABS(SIN(semilla*12.9898+22*78.233+1*37.719))*43758.5453,1) -> 0.86722351 | N27: ="I"&(MOD(22-1,3)+1) -> I1 | O27: =IF(ISNUMBER($A27),IF(1<=dias,COUNTIFS($M$6:$M$65,"<"&M27,$A$6:$A$65,">0")+1,""),"") | P27: =MOD(ABS(SIN(semilla*12.9898+22*78.233+2*37.719))*43758.5453,1) -> 0.091205551 | Q27: ="I"&(MOD(22-1,3)+1) -> I1 | R27: =IF(ISNUMBER($A27),IF(2<=dias,COUNTIFS($P$6:$P$65,"<"&P27,$A$6:$A$65,">0")+1,""),"") | S27: =MOD(ABS(SIN(semilla*12.9898+22*78.233+3*37.719))*43758.5453,1) -> 0.75991503 | T27: ="I"&(MOD(22-1,3)+1) -> I1 | U27: =IF(ISNUMBER($A27),IF(3<=dias,COUNTIFS($S$6:$S$65,"<"&S27,$A$6:$A$65,">0")+1,""),"") | V27: =MOD(ABS(SIN(semilla*12.9898+22*78.233+4*37.719))*43758.5453,1) -> 0.027342351 | W27: ="I"&(MOD(22-1,3)+1) -> I1 | X27: =IF(ISNUMBER($A27),IF(4<=dias,COUNTIFS($V$6:$V$65,"<"&V27,$A$6:$A$65,">0")+1,""),"")
A28: =IF(ISNUMBER(rpd),IF(23<=3*rpd,23,""),"") | B28: =IF(ISNUMBER($A28),IF(1<=dias,IFERROR(INDEX($N$6:$N$65,MATCH($A28,$O$6:$O$65,0)),""),"—"),"") | C28: =IF(OR(B28="",B28="—"),"",IF(INDEX(corrientes,MATCH(B28,{"I1","I2","I3"},0))="","",INDEX(corrientes,MATCH(B28,{"I1","I2","I3"},0)))) | D28: =IF(ISNUMBER($A28),IF(2<=dias,IFERROR(INDEX($Q$6:$Q$65,MATCH($A28,$R$6:$R$65,0)),""),"—"),"") | E28: =IF(OR(D28="",D28="—"),"",IF(INDEX(corrientes,MATCH(D28,{"I1","I2","I3"},0))="","",INDEX(corrientes,MATCH(D28,{"I1","I2","I3"},0)))) | F28: =IF(ISNUMBER($A28),IF(3<=dias,IFERROR(INDEX($T$6:$T$65,MATCH($A28,$U$6:$U$65,0)),""),"—"),"") | G28: =IF(OR(F28="",F28="—"),"",IF(INDEX(corrientes,MATCH(F28,{"I1","I2","I3"},0))="","",INDEX(corrientes,MATCH(F28,{"I1","I2","I3"},0)))) | H28: =IF(ISNUMBER($A28),IF(4<=dias,IFERROR(INDEX($W$6:$W$65,MATCH($A28,$X$6:$X$65,0)),""),"—"),"") | I28: =IF(OR(H28="",H28="—"),"",IF(INDEX(corrientes,MATCH(H28,{"I1","I2","I3"},0))="","",INDEX(corrientes,MATCH(H28,{"I1","I2","I3"},0)))) | M28: =MOD(ABS(SIN(semilla*12.9898+23*78.233+1*37.719))*43758.5453,1) -> 0.15001675 | N28: ="I"&(MOD(23-1,3)+1) -> I2 | O28: =IF(ISNUMBER($A28),IF(1<=dias,COUNTIFS($M$6:$M$65,"<"&M28,$A$6:$A$65,">0")+1,""),"") | P28: =MOD(ABS(SIN(semilla*12.9898+23*78.233+2*37.719))*43758.5453,1) -> 0.19277136 | Q28: ="I"&(MOD(23-1,3)+1) -> I2 | R28: =IF(ISNUMBER($A28),IF(2<=dias,COUNTIFS($P$6:$P$65,"<"&P28,$A$6:$A$65,">0")+1,""),"") | S28: =MOD(ABS(SIN(semilla*12.9898+23*78.233+3*37.719))*43758.5453,1) -> 0.11472223 | T28: ="I"&(MOD(23-1,3)+1) -> I2 | U28: =IF(ISNUMBER($A28),IF(3<=dias,COUNTIFS($S$6:$S$65,"<"&S28,$A$6:$A$65,">0")+1,""),"") | V28: =MOD(ABS(SIN(semilla*12.9898+23*78.233+4*37.719))*43758.5453,1) -> 0.96969168 | W28: ="I"&(MOD(23-1,3)+1) -> I2 | X28: =IF(ISNUMBER($A28),IF(4<=dias,COUNTIFS($V$6:$V$65,"<"&V28,$A$6:$A$65,">0")+1,""),"")
A29: =IF(ISNUMBER(rpd),IF(24<=3*rpd,24,""),"") | B29: =IF(ISNUMBER($A29),IF(1<=dias,IFERROR(INDEX($N$6:$N$65,MATCH($A29,$O$6:$O$65,0)),""),"—"),"") | C29: =IF(OR(B29="",B29="—"),"",IF(INDEX(corrientes,MATCH(B29,{"I1","I2","I3"},0))="","",INDEX(corrientes,MATCH(B29,{"I1","I2","I3"},0)))) | D29: =IF(ISNUMBER($A29),IF(2<=dias,IFERROR(INDEX($Q$6:$Q$65,MATCH($A29,$R$6:$R$65,0)),""),"—"),"") | E29: =IF(OR(D29="",D29="—"),"",IF(INDEX(corrientes,MATCH(D29,{"I1","I2","I3"},0))="","",INDEX(corrientes,MATCH(D29,{"I1","I2","I3"},0)))) | F29: =IF(ISNUMBER($A29),IF(3<=dias,IFERROR(INDEX($T$6:$T$65,MATCH($A29,$U$6:$U$65,0)),""),"—"),"") | G29: =IF(OR(F29="",F29="—"),"",IF(INDEX(corrientes,MATCH(F29,{"I1","I2","I3"},0))="","",INDEX(corrientes,MATCH(F29,{"I1","I2","I3"},0)))) | H29: =IF(ISNUMBER($A29),IF(4<=dias,IFERROR(INDEX($W$6:$W$65,MATCH($A29,$X$6:$X$65,0)),""),"—"),"") | I29: =IF(OR(H29="",H29="—"),"",IF(INDEX(corrientes,MATCH(H29,{"I1","I2","I3"},0))="","",INDEX(corrientes,MATCH(H29,{"I1","I2","I3"},0)))) | M29: =MOD(ABS(SIN(semilla*12.9898+24*78.233+1*37.719))*43758.5453,1) -> 0.38702607 | N29: ="I"&(MOD(24-1,3)+1) -> I3 | O29: =IF(ISNUMBER($A29),IF(1<=dias,COUNTIFS($M$6:$M$65,"<"&M29,$A$6:$A$65,">0")+1,""),"") | P29: =MOD(ABS(SIN(semilla*12.9898+24*78.233+2*37.719))*43758.5453,1) -> 0.35917305 | Q29: ="I"&(MOD(24-1,3)+1) -> I3 | R29: =IF(ISNUMBER($A29),IF(2<=dias,COUNTIFS($P$6:$P$65,"<"&P29,$A$6:$A$65,">0")+1,""),"") | S29: =MOD(ABS(SIN(semilla*12.9898+24*78.233+3*37.719))*43758.5453,1) -> 0.24407005 | T29: ="I"&(MOD(24-1,3)+1) -> I3 | U29: =IF(ISNUMBER($A29),IF(3<=dias,COUNTIFS($S$6:$S$65,"<"&S29,$A$6:$A$65,">0")+1,""),"") | V29: =MOD(ABS(SIN(semilla*12.9898+24*78.233+4*37.719))*43758.5453,1) -> 0.99034432 | W29: ="I"&(MOD(24-1,3)+1) -> I3 | X29: =IF(ISNUMBER($A29),IF(4<=dias,COUNTIFS($V$6:$V$65,"<"&V29,$A$6:$A$65,">0")+1,""),"")
A30: =IF(ISNUMBER(rpd),IF(25<=3*rpd,25,""),"") | B30: =IF(ISNUMBER($A30),IF(1<=dias,IFERROR(INDEX($N$6:$N$65,MATCH($A30,$O$6:$O$65,0)),""),"—"),"") | C30: =IF(OR(B30="",B30="—"),"",IF(INDEX(corrientes,MATCH(B30,{"I1","I2","I3"},0))="","",INDEX(corrientes,MATCH(B30,{"I1","I2","I3"},0)))) | D30: =IF(ISNUMBER($A30),IF(2<=dias,IFERROR(INDEX($Q$6:$Q$65,MATCH($A30,$R$6:$R$65,0)),""),"—"),"") | E30: =IF(OR(D30="",D30="—"),"",IF(INDEX(corrientes,MATCH(D30,{"I1","I2","I3"},0))="","",INDEX(corrientes,MATCH(D30,{"I1","I2","I3"},0)))) | F30: =IF(ISNUMBER($A30),IF(3<=dias,IFERROR(INDEX($T$6:$T$65,MATCH($A30,$U$6:$U$65,0)),""),"—"),"") | G30: =IF(OR(F30="",F30="—"),"",IF(INDEX(corrientes,MATCH(F30,{"I1","I2","I3"},0))="","",INDEX(corrientes,MATCH(F30,{"I1","I2","I3"},0)))) | H30: =IF(ISNUMBER($A30),IF(4<=dias,IFERROR(INDEX($W$6:$W$65,MATCH($A30,$X$6:$X$65,0)),""),"—"),"") | I30: =IF(OR(H30="",H30="—"),"",IF(INDEX(corrientes,MATCH(H30,{"I1","I2","I3"},0))="","",INDEX(corrientes,MATCH(H30,{"I1","I2","I3"},0)))) | M30: =MOD(ABS(SIN(semilla*12.9898+25*78.233+1*37.719))*43758.5453,1) -> 0.33955336 | N30: ="I"&(MOD(25-1,3)+1) -> I1 | O30: =IF(ISNUMBER($A30),IF(1<=dias,COUNTIFS($M$6:$M$65,"<"&M30,$A$6:$A$65,">0")+1,""),"") | P30: =MOD(ABS(SIN(semilla*12.9898+25*78.233+2*37.719))*43758.5453,1) -> 0.51387801 | Q30: ="I"&(MOD(25-1,3)+1) -> I1 | R30: =IF(ISNUMBER($A30),IF(2<=dias,COUNTIFS($P$6:$P$65,"<"&P30,$A$6:$A$65,">0")+1,""),"") | S30: =MOD(ABS(SIN(semilla*12.9898+25*78.233+3*37.719))*43758.5453,1) -> 0.23045749 | T30: ="I"&(MOD(25-1,3)+1) -> I1 | U30: =IF(ISNUMBER($A30),IF(3<=dias,COUNTIFS($S$6:$S$65,"<"&S30,$A$6:$A$65,">0")+1,""),"") | V30: =MOD(ABS(SIN(semilla*12.9898+25*78.233+4*37.719))*43758.5453,1) -> 0.33752217 | W30: ="I"&(MOD(25-1,3)+1) -> I1 | X30: =IF(ISNUMBER($A30),IF(4<=dias,COUNTIFS($V$6:$V$65,"<"&V30,$A$6:$A$65,">0")+1,""),"")
A31: =IF(ISNUMBER(rpd),IF(26<=3*rpd,26,""),"") | B31: =IF(ISNUMBER($A31),IF(1<=dias,IFERROR(INDEX($N$6:$N$65,MATCH($A31,$O$6:$O$65,0)),""),"—"),"") | C31: =IF(OR(B31="",B31="—"),"",IF(INDEX(corrientes,MATCH(B31,{"I1","I2","I3"},0))="","",INDEX(corrientes,MATCH(B31,{"I1","I2","I3"},0)))) | D31: =IF(ISNUMBER($A31),IF(2<=dias,IFERROR(INDEX($Q$6:$Q$65,MATCH($A31,$R$6:$R$65,0)),""),"—"),"") | E31: =IF(OR(D31="",D31="—"),"",IF(INDEX(corrientes,MATCH(D31,{"I1","I2","I3"},0))="","",INDEX(corrientes,MATCH(D31,{"I1","I2","I3"},0)))) | F31: =IF(ISNUMBER($A31),IF(3<=dias,IFERROR(INDEX($T$6:$T$65,MATCH($A31,$U$6:$U$65,0)),""),"—"),"") | G31: =IF(OR(F31="",F31="—"),"",IF(INDEX(corrientes,MATCH(F31,{"I1","I2","I3"},0))="","",INDEX(corrientes,MATCH(F31,{"I1","I2","I3"},0)))) | H31: =IF(ISNUMBER($A31),IF(4<=dias,IFERROR(INDEX($W$6:$W$65,MATCH($A31,$X$6:$X$65,0)),""),"—"),"") | I31: =IF(OR(H31="",H31="—"),"",IF(INDEX(corrientes,MATCH(H31,{"I1","I2","I3"},0))="","",INDEX(corrientes,MATCH(H31,{"I1","I2","I3"},0)))) | M31: =MOD(ABS(SIN(semilla*12.9898+26*78.233+1*37.719))*43758.5453,1) -> 0.35731327 | N31: ="I"&(MOD(26-1,3)+1) -> I2 | O31: =IF(ISNUMBER($A31),IF(1<=dias,COUNTIFS($M$6:$M$65,"<"&M31,$A$6:$A$65,">0")+1,""),"") | P31: =MOD(ABS(SIN(semilla*12.9898+26*78.233+2*37.719))*43758.5453,1) -> 0.45088978 | Q31: ="I"&(MOD(26-1,3)+1) -> I2 | R31: =IF(ISNUMBER($A31),IF(2<=dias,COUNTIFS($P$6:$P$65,"<"&P31,$A$6:$A$65,">0")+1,""),"") | S31: =MOD(ABS(SIN(semilla*12.9898+26*78.233+3*37.719))*43758.5453,1) -> 0.15998103 | T31: ="I"&(MOD(26-1,3)+1) -> I2 | U31: =IF(ISNUMBER($A31),IF(3<=dias,COUNTIFS($S$6:$S$65,"<"&S31,$A$6:$A$65,">0")+1,""),"") | V31: =MOD(ABS(SIN(semilla*12.9898+26*78.233+4*37.719))*43758.5453,1) -> 0.2465958 | W31: ="I"&(MOD(26-1,3)+1) -> I2 | X31: =IF(ISNUMBER($A31),IF(4<=dias,COUNTIFS($V$6:$V$65,"<"&V31,$A$6:$A$65,">0")+1,""),"")
A32: =IF(ISNUMBER(rpd),IF(27<=3*rpd,27,""),"") | B32: =IF(ISNUMBER($A32),IF(1<=dias,IFERROR(INDEX($N$6:$N$65,MATCH($A32,$O$6:$O$65,0)),""),"—"),"") | C32: =IF(OR(B32="",B32="—"),"",IF(INDEX(corrientes,MATCH(B32,{"I1","I2","I3"},0))="","",INDEX(corrientes,MATCH(B32,{"I1","I2","I3"},0)))) | D32: =IF(ISNUMBER($A32),IF(2<=dias,IFERROR(INDEX($Q$6:$Q$65,MATCH($A32,$R$6:$R$65,0)),""),"—"),"") | E32: =IF(OR(D32="",D32="—"),"",IF(INDEX(corrientes,MATCH(D32,{"I1","I2","I3"},0))="","",INDEX(corrientes,MATCH(D32,{"I1","I2","I3"},0)))) | F32: =IF(ISNUMBER($A32),IF(3<=dias,IFERROR(INDEX($T$6:$T$65,MATCH($A32,$U$6:$U$65,0)),""),"—"),"") | G32: =IF(OR(F32="",F32="—"),"",IF(INDEX(corrientes,MATCH(F32,{"I1","I2","I3"},0))="","",INDEX(corrientes,MATCH(F32,{"I1","I2","I3"},0)))) | H32: =IF(ISNUMBER($A32),IF(4<=dias,IFERROR(INDEX($W$6:$W$65,MATCH($A32,$X$6:$X$65,0)),""),"—"),"") | I32: =IF(OR(H32="",H32="—"),"",IF(INDEX(corrientes,MATCH(H32,{"I1","I2","I3"},0))="","",INDEX(corrientes,MATCH(H32,{"I1","I2","I3"},0)))) | M32: =MOD(ABS(SIN(semilla*12.9898+27*78.233+1*37.719))*43758.5453,1) -> 0.23852497 | N32: ="I"&(MOD(27-1,3)+1) -> I3 | O32: =IF(ISNUMBER($A32),IF(1<=dias,COUNTIFS($M$6:$M$65,"<"&M32,$A$6:$A$65,">0")+1,""),"") | P32: =MOD(ABS(SIN(semilla*12.9898+27*78.233+2*37.719))*43758.5453,1) -> 0.89494578 | Q32: ="I"&(MOD(27-1,3)+1) -> I3 | R32: =IF(ISNUMBER($A32),IF(2<=dias,COUNTIFS($P$6:$P$65,"<"&P32,$A$6:$A$65,">0")+1,""),"") | S32: =MOD(ABS(SIN(semilla*12.9898+27*78.233+3*37.719))*43758.5453,1) -> 0.39685352 | T32: ="I"&(MOD(27-1,3)+1) -> I3 | U32: =IF(ISNUMBER($A32),IF(3<=dias,COUNTIFS($S$6:$S$65,"<"&S32,$A$6:$A$65,">0")+1,""),"") | V32: =MOD(ABS(SIN(semilla*12.9898+27*78.233+4*37.719))*43758.5453,1) -> 0.44226378 | W32: ="I"&(MOD(27-1,3)+1) -> I3 | X32: =IF(ISNUMBER($A32),IF(4<=dias,COUNTIFS($V$6:$V$65,"<"&V32,$A$6:$A$65,">0")+1,""),"")
A33: =IF(ISNUMBER(rpd),IF(28<=3*rpd,28,""),"") | B33: =IF(ISNUMBER($A33),IF(1<=dias,IFERROR(INDEX($N$6:$N$65,MATCH($A33,$O$6:$O$65,0)),""),"—"),"") | C33: =IF(OR(B33="",B33="—"),"",IF(INDEX(corrientes,MATCH(B33,{"I1","I2","I3"},0))="","",INDEX(corrientes,MATCH(B33,{"I1","I2","I3"},0)))) | D33: =IF(ISNUMBER($A33),IF(2<=dias,IFERROR(INDEX($Q$6:$Q$65,MATCH($A33,$R$6:$R$65,0)),""),"—"),"") | E33: =IF(OR(D33="",D33="—"),"",IF(INDEX(corrientes,MATCH(D33,{"I1","I2","I3"},0))="","",INDEX(corrientes,MATCH(D33,{"I1","I2","I3"},0)))) | F33: =IF(ISNUMBER($A33),IF(3<=dias,IFERROR(INDEX($T$6:$T$65,MATCH($A33,$U$6:$U$65,0)),""),"—"),"") | G33: =IF(OR(F33="",F33="—"),"",IF(INDEX(corrientes,MATCH(F33,{"I1","I2","I3"},0))="","",INDEX(corrientes,MATCH(F33,{"I1","I2","I3"},0)))) | H33: =IF(ISNUMBER($A33),IF(4<=dias,IFERROR(INDEX($W$6:$W$65,MATCH($A33,$X$6:$X$65,0)),""),"—"),"") | I33: =IF(OR(H33="",H33="—"),"",IF(INDEX(corrientes,MATCH(H33,{"I1","I2","I3"},0))="","",INDEX(corrientes,MATCH(H33,{"I1","I2","I3"},0)))) | M33: =MOD(ABS(SIN(semilla*12.9898+28*78.233+1*37.719))*43758.5453,1) -> 0.57227646 | N33: ="I"&(MOD(28-1,3)+1) -> I1 | O33: =IF(ISNUMBER($A33),IF(1<=dias,COUNTIFS($M$6:$M$65,"<"&M33,$A$6:$A$65,">0")+1,""),"") | P33: =MOD(ABS(SIN(semilla*12.9898+28*78.233+2*37.719))*43758.5453,1) -> 0.71874703 | Q33: ="I"&(MOD(28-1,3)+1) -> I1 | R33: =IF(ISNUMBER($A33),IF(2<=dias,COUNTIFS($P$6:$P$65,"<"&P33,$A$6:$A$65,">0")+1,""),"") | S33: =MOD(ABS(SIN(semilla*12.9898+28*78.233+3*37.719))*43758.5453,1) -> 0.70230912 | T33: ="I"&(MOD(28-1,3)+1) -> I1 | U33: =IF(ISNUMBER($A33),IF(3<=dias,COUNTIFS($S$6:$S$65,"<"&S33,$A$6:$A$65,">0")+1,""),"") | V33: =MOD(ABS(SIN(semilla*12.9898+28*78.233+4*37.719))*43758.5453,1) -> 0.18519056 | W33: ="I"&(MOD(28-1,3)+1) -> I1 | X33: =IF(ISNUMBER($A33),IF(4<=dias,COUNTIFS($V$6:$V$65,"<"&V33,$A$6:$A$65,">0")+1,""),"")
